問題ID,問題文,選択肢1,選択肢2,選択肢3,選択肢4,正解,解説,分野,実施回
28-1,「令和5年版男女共同参画白書」(内閣府)で示された、「令和モデル」に関する次の記述のうち、最も適切なものはどれか。,「令和モデル」は、職業観・家庭観が大きく変化する中で、固定的性別役割分担を前提とした雇用慣行等を維持しつつ、全ての人が希望に応じて、家庭でも仕事でも活躍できる社会への変革が実現した姿を表している。,男女ともに仕事と家事・育児等のバランスが取れた生活を送ることができるよう、長時間労働の是正は急務であり、男性の育児休業取得の促進も必要である。,自分の希望が満たされ、能力を最大限に発揮して仕事ができる環境の整備は、まずは女性において優先的に実現することが望ましい。,「年収の壁」に代表されるような、過剰な就労から女性を守る制度・慣行を維持することが、女性の経済的自立を促す上で効果的である。,2,「令和モデル」は、内閣府が提唱する男女共同参画社会の実現に向けた新たな働き方・暮らし方のモデルです。その核心は、男女が性別にかかわらず、それぞれの希望に応じて仕事と家庭生活を両立し、能力を最大限に発揮できる社会を目指す点にあります。選択肢1は、「固定的性別役割分担を前提とした雇用慣行等を維持しつつ」という点が不適切です。令和モデルは、固定的な性別役割分担意識からの脱却を目指しており、既存の慣行を維持するのではなく、変革を促すものです。選択肢2は、令和モデルの考え方に合致しています。男女ともに仕事と家庭・育児等のバランスを取れるように、長時間労働の是正や男性の育児休業取得促進は重要な柱です。これにより、女性に偏りがちな家事・育児の負担を軽減し、男女が共にキャリアと家庭生活を充実させられる環境を整備することを目指します。選択肢3は、「まずは女性において優先的に実現することが望ましい」という点が不適切です。令和モデルは「全ての人が希望に応じて」活躍できる社会を目指しており、特定の性別を優先するものではありません。男女双方の視点から、働き方や生き方の選択肢を広げることが重要です。選択肢4は、「過剰な就労から女性を守る制度・慣行を維持すること」が女性の経済的自立を促す上で効果的であるという点が不適切です。「年収の壁」は、女性の就労調整を促し、結果的に経済的自立を阻害する要因として問題視されており、その解消が求められています。令和モデルは、女性の経済的自立を促進するために、こうした障壁を取り除く方向性を示しています。したがって、令和モデルの目指すところを最も適切に表現しているのは、男女が共に仕事と家庭生活のバランスを取り、長時間労働の是正や男性の育児休業取得促進を通じて、全ての人が希望に応じて活躍できる社会を実現するという選択肢2です。,社会的意義,第28回
28-2,「令和5年雇用動向調査」(厚生労働省)で示された、令和5年1年間における就業形態別の労働移動者に関する次の記述のうち、適切なものはどれか。,一般労働者の入職率で最も高いのは「情報通信業」である。,一般労働者の離職率で最も高いのは「生活関連サービス業、娯楽業」である。,パートタイム労働者の入職率で最も高いのは「宿泊業、飲食サービス業」である。,パートタイム労働者の離職率で最も高いのは「医療、福祉」である。,2,「令和5年雇用動向調査」は、厚生労働省が毎年実施している労働者の入職・離職状況を把握するための重要な統計調査です。この調査結果を理解することは、労働市場の動向を把握し、キャリアコンサルティングに活かす上で不可欠です。選択肢1は、「一般労働者の入職率で最も高いのは『情報通信業』である」とありますが、実際の調査結果では、情報通信業の入職率は最も高くありません。入職率が高いのは、一般的に人手不足が顕著な産業や、新規参入が多い産業です。選択肢2は、「一般労働者の離職率で最も高いのは『生活関連サービス業、娯楽業』である」とあり、これは令和5年雇用動向調査の概況に合致する記述です。生活関連サービス業や娯楽業は、労働条件や賃金水準、非正規雇用の割合などから離職率が高い傾向にあります。選択肢3は、「パートタイム労働者の入職率で最も高いのは『宿泊業、飲食サービス業』である」とありますが、これも調査結果とは異なります。パートタイム労働者の入職率が高いのは、サービス業全般に言えますが、最も高いと断定するのは不適切です。選択肢4は、「パートタイム労働者の離職率で最も高いのは『医療、福祉』である」とありますが、医療、福祉分野は確かに離職率が高い傾向にありますが、パートタイム労働者全体で最も高いとは限りません。離職率は、産業や雇用形態によって変動するため、最新の調査結果を確認することが重要です。したがって、令和5年雇用動向調査の概況と照らし合わせると、一般労働者の離職率が生活関連サービス業、娯楽業で最も高いという選択肢2が適切な記述となります。,社会的意義,第28回
28-3,「令和5年度能力開発基本調査 調査結果の概要(個人調査)」(厚生労働省)で示された、労働者のキャリアコンサルティング経験に関する次の記述のうち、最も適切なものはどれか。,令和4年度中にキャリアコンサルティングを受けた者は、正社員では4人に1人の割合に達している。,キャリアコンサルティングの実施機関としては、「企業内の職場の上司・管理者」よりも、「企業外の機関等(再就職支援会社やキャリアコンサルティングサービス機関等)」の方が 多い。,キャリアコンサルティングを通じて「仕事に対する意識が高まった」とする回答の方が「自分の目指すべきキャリアが明確になった」よりも多い。,キャリアコンサルタントに相談したい内容で最も多いのは、正社員では「職場の人間関係」である。,3,「令和5年度能力開発基本調査」は、厚生労働省が実施する、企業および個人の能力開発に関する実態を把握するための重要な調査です。この調査結果は、キャリアコンサルティングの現状やニーズを理解する上で不可欠です。選択肢1は、「令和4年度中にキャリアコンサルティングを受けた者は、正社員では4人に1人の割合に達している」とありますが、実際の調査結果では、正社員のキャリアコンサルティング受講経験者の割合は、4人に1人（25%）には達していません。まだ普及途上にあると言えます。選択肢2は、「キャリアコンサルティングの実施機関としては、『企業内の職場の上司・管理者』よりも、『企業外の機関等(再就職支援会社やキャリアコンサルティングサービス機関等)』の方が多い」とありますが、調査結果では、企業内の上司・管理者による相談が最も多く、次いで企業内のキャリアコンサルタント、企業外の機関等という順になっています。これは、日常的な相談が上司・管理者によって行われる機会が多いことを示しています。選択肢3は、「キャリアコンサルティングを通じて『仕事に対する意識が高まった』とする回答の方が『自分の目指すべきキャリアが明確になった』よりも多い」とあり、これは令和5年度能力開発基本調査の概況に合致する記述です。キャリアコンサルティングを受けた効果として、「仕事に対する意識が高まった」と感じる労働者が「自分の目指すべきキャリアが明確になった」と回答するよりも多い傾向にあります。これは、コンサルティングが具体的なキャリアパスの明確化だけでなく、日々の仕事への向き合い方やモチベーション向上にも寄与していることを示唆しています。選択肢4は、「キャリアコンサルタントに相談したい内容で最も多いのは、正社員では『職場の人間関係』である」とありますが、相談したい内容で最も多いのは「自分のキャリアプラン」や「仕事の内容・進め方」などであり、「職場の人間関係」は上位ではありますが、最も多いわけではありません。したがって、令和5年度能力開発基本調査の結果と照らし合わせると、キャリアコンサルティングを通じて「仕事に対する意識が高まった」とする回答が「自分の目指すべきキャリアが明確になった」よりも多いという選択肢3が適切な記述となります。,社会的意義,第28回
28-4,"サビカス (Savickas, M. L.) の提唱するキャリア構築理論に関する次の記述のうち、不適切なものはどれか。",キャリア・アダプタビリティは、関心(Concern)、コントロール (Control)、好奇心(Curiosity)、自信(Confidence) で構成される。,人と環境の適合性は、変化する動的なものであり、個人の解釈や理解によって異なる主観的なものである。,キャリアカウンセリングの実践においては、クライエントの内面に既に存在する自己を実現することが重要である。,キャリア構築インタビューには、「3歳から6歳までに起きた3つのストーリーを聞かせてください」などの特定の質問がある。,3,"サビカス（Savickas, M. L.）のキャリア構築理論は、現代の流動的な社会におけるキャリア形成を理解するための重要な枠組みです。この理論は、個人が自らのキャリアを積極的に構築していくプロセスに焦点を当てています。選択肢1は、「キャリア・アダプタビリティは、関心(Concern)、コントロール(Control)、好奇心(Curiosity)、自信(Confidence)で構成される」とあり、これはサビカスが提唱するキャリア・アダプタビリティの4つの次元（4C）を正確に示しています。これは、変化に適応し、キャリアを構築していく上で必要な心理社会的資源です。選択肢2は、「人と環境の適合性は、変化する動的なものであり、個人の解釈や理解によって異なる主観的なものである」とあり、これはキャリア構築理論の基本的な考え方です。客観的な適合性だけでなく、個人がどのように環境を認識し、意味づけするかが重要であるとされます。選択肢3は、「キャリアカウンセリングの実践においては、クライエントの内面に既に存在する自己を実現することが重要である」とありますが、これはサビカスのキャリア構築理論の考え方としては不適切です。この記述は、ロジャーズの人間中心療法など、自己実現を重視する他の理論に近い概念です。キャリア構築理論では、クライエントが自らのストーリーを構築し、未来に向けて積極的に行動していくプロセスを重視します。既存の自己の実現だけでなく、新しい自己の構築や再構築に焦点を当てます。選択肢4は、「キャリア構築インタビューには、『3歳から6歳までに起きた3つのストーリーを聞かせてください』などの特定の質問がある」とあり、これはサビカスが開発したキャリア構築インタビュー（Career Construction Interview: CCI）の特徴的な質問形式の一部です。CCIは、クライエントのライフストーリーやテーマを探求し、キャリア構築の資源を見出すための構造化されたインタビューです。したがって、キャリア構築理論の観点から不適切な記述は選択肢3です。",知識及び理論,第28回
28-5,"パーソンズ (Parsons, F.) の職業選択理論に関する次の記述のうち、最も適切なものはどれか。",「産業構造の変化や雇用慣行の変化、経済の停滞などにより、中年期のキャリア支援の必要性が強く認識される」ようになったという、当時の背景に基づいて提唱された。,「急激な経済成長により都市部に集中した労働者を、より効率的に適職に導く」という当時の社会的課題の解決を意図して提唱された。,「社会的変化が激しく、先の見通しが立ちにくいなか、従来の計画的なキャリア形成が困難になってきている」という当時の風潮のもと提唱された。,「本人が置かれている社会経済的な文脈や文化が無視されがちであった」という当時の認識のもと提唱された。,2,"パーソンズ（Parsons, F.）の職業選択理論は、キャリア理論の源流とされる「特性因子理論」の基礎を築いたものです。その提唱された背景を理解することは、キャリア支援の歴史的文脈を把握する上で重要です。選択肢1は、「産業構造の変化や雇用慣行の変化、経済の停滞などにより、中年期のキャリア支援の必要性が強く認識されるようになった」という記述ですが、これは現代のキャリア支援の背景であり、パーソンズが活躍した20世紀初頭の状況とは異なります。選択肢2は、「急激な経済成長により都市部に集中した労働者を、より効率的に適職に導く」という当時の社会的課題の解決を意図して提唱されたとあり、これが最も適切な記述です。パーソンズは、20世紀初頭の急速な産業化と都市化の中で、多くの若者が職業選択に迷う状況を目の当たりにし、科学的なアプローチで個人と職業の適合を図ることを目指しました。ボストンに職業局を設立し、個人の特性（興味、能力、性格など）と職業の要求を分析し、両者をマッチングさせる「人間と職業のマッチング」という考え方を提唱しました。選択肢3は、「社会的変化が激しく、先の見通しが立ちにくいなか、従来の計画的なキャリア形成が困難になってきている」という記述ですが、これも現代のキャリアの流動性に関する認識であり、パーソンズの時代には当てはまりません。選択肢4は、「本人が置かれている社会経済的な文脈や文化が無視されがちであった」という記述ですが、パーソンズの理論は、個人の特性と職業の適合を重視する一方で、社会経済的な文脈や文化の側面を十分に考慮していなかったという批判を受けることもあります。しかし、彼の理論が提唱された当時の意図とは異なります。したがって、パーソンズの職業選択理論が提唱された当時の社会的背景を最も適切に表しているのは、急激な経済成長の中で労働者を適職に導くという選択肢2です。",知識及び理論,第28回
28-6,"ホール (Hall, D. T.) の理論に関する次の記述のうち、適切なものはどれか。",プロティアン・キャリアは、組織によってではなく個人によって形成されるものである。,プロティアン・キャリアは、移り変わる自身の価値観に対して、他者志向的に変幻していくキャリアといえる。,キャリアは組織で何をすべきかを考えることで形成されていくとする、組織的なアプローチをとっている。,プロティアン・キャリアを形成していくにあたって必要なメタ・コンピテンシーは、自尊感情である。,1,"ホール（Hall, D. T.）のプロティアン・キャリア理論は、現代のキャリア概念を理解する上で非常に重要な理論です。プロティアン・キャリアは、変化の激しい現代社会において、個人が自律的にキャリアを形成していくという考え方を提唱しています。選択肢1は、「プロティアン・キャリアは、組織によってではなく個人によって形成されるものである」とあり、これはプロティアン・キャリアの核心を捉えた最も適切な記述です。従来の組織主導型キャリア（組織内キャリア）とは異なり、プロティアン・キャリアは、個人が自らの価値観や興味、能力に基づいて、組織や職種にとらわれずにキャリアを主体的に形成していくことを強調します。選択肢2は、「プロティアン・キャリアは、移り変わる自身の価値観に対して、他者志向的に変幻していくキャリアといえる」とありますが、プロティアン・キャリアは「自己志向的」であり、他者志向的ではありません。個人の内的な価値観や自己概念に基づいてキャリアを形成することが特徴です。選択肢3は、「キャリアは組織で何をすべきかを考えることで形成されていくとする、組織的なアプローチをとっている」とありますが、これはプロティアン・キャリアとは対極にある組織主導型キャリアの考え方です。ホールは、組織の枠を超えた個人の自律的なキャリア形成を提唱しています。選択肢4は、「プロティアン・キャリアを形成していくにあたって必要なメタ・コンピテンシーは、自尊感情である」とありますが、ホールがプロティアン・キャリアに必要なメタ・コンピテンシーとして挙げているのは、「自己認識（Self-Awareness）」と「適応性（Adaptability）」です。自尊感情も重要ではありますが、直接的にメタ・コンピテンシーとして提唱されているわけではありません。したがって、ホールのプロティアン・キャリア理論を最も適切に説明しているのは、個人が主体的にキャリアを形成するという選択肢1です。",知識及び理論,第28回
28-7,"ホランド (Holland, J. L.) の理論に関する次の記述のうち、最も適切なものはどれか。",個人と環境を同一の8類型に整理し、個人と環境の類型が同一であることによって、より安定した職業選択がもたらされるとした。,現実的職業領域は、機械や物体を対象とする具体的で実際的な仕事や活動の領域を指す。,企業的職業領域は、人と接したり、人に奉仕したりする仕事や活動の領域を指す。,職業興味類型の関連性は距離で表現でき、対角線上にある領域は類似の興味を示す。,2,"ホランド（Holland, J. L.）の理論は、個人と職業環境の適合性を重視する代表的な特性因子理論の一つです。彼は、個人のパーソナリティと職業環境を6つの類型（RIASECモデル）に分類し、両者の適合性が高いほど、職業満足度や安定性が高まると考えました。選択肢1は、「個人と環境を同一の8類型に整理し」とありますが、ホランドが提唱したのは6類型（RIASEC）であり、8類型ではありません。選択肢2は、「現実的職業領域は、機械や物体を対象とする具体的で実際的な仕事や活動の領域を指す」とあり、これはホランドの6類型における「現実的（Realistic）」タイプの定義と合致しています。このタイプは、具体的な作業や手作業、機械操作などを好み、実践的な活動に従事する傾向があります。選択肢3は、「企業的職業領域は、人と接したり、人に奉仕したりする仕事や活動の領域を指す」とありますが、これは「社会的（Social）」タイプの定義に近いです。「企業的（Enterprising）」タイプは、リーダーシップを発揮し、目標達成のために他人を説得したり、組織を運営したりする活動を好みます。選択肢4は、「職業興味類型の関連性は距離で表現でき、対角線上にある領域は類似の興味を示す」とありますが、ホランドの理論では、6類型を六角形のモデル（ホランドの六角形）で表現し、隣接する類型ほど類似性が高く、対角線上にある類型ほど類似性が低い（つまり興味が異なる）とされます。したがって、ホランドの理論に関する記述として最も適切なのは、選択肢2です。",知識及び理論,第28回
28-8,"スーパー (Super, D. E.) のライフステージと発達課題に関する次の記述のうち、最も適切なものはどれか。",人生全体の発達段階をミニサイクルとしたとき、各年代のそれぞれに成長、探求、確立、維持、解放(衰退、下降)のマキシサイクルがある。,人は、生涯においていくつもの大きな役割 (子供、学生、余暇人、市民、労働者、家庭人、年金生活者など)を演じる。,現実的な自己概念を持つことが、成人中期 (45~65)の成長過程で求められる発達課題である。,他者との関わり方を学ぶことが、成人後期 (65歳以上)の成長過程で求められる発達課題である。,2,"スーパー（Super, D. E.）のライフ・スパン、ライフ・スペース理論は、キャリアを生涯にわたる発達的なプロセスとして捉え、個人の役割や自己概念の変化に焦点を当てています。選択肢1は、「人生全体の発達段階をミニサイクルとしたとき、各年代のそれぞれに成長、探求、確立、維持、解放(衰退、下降)のマキシサイクルがある」とありますが、これは記述が逆です。スーパーは、人生全体を「マキシサイクル」とし、その中に「ミニサイクル」（成長、探求、確立、維持、解放）があると考えました。ミニサイクルは、特定の役割変化や転機において繰り返される発達段階を指します。選択肢2は、「人は、生涯においていくつもの大きな役割 (子供、学生、余暇人、市民、労働者、家庭人、年金生活者など)を演じる」とあり、これはスーパーのライフ・スペース理論における「ライフ・ロール（生活役割）」の概念を正確に表しています。個人は、様々な場面で複数の役割を同時に、あるいは時期をずらして演じ、これらの役割がキャリア形成に影響を与えます。これが最も適切な記述です。選択肢3は、「現実的な自己概念を持つことが、成人中期 (45~65)の成長過程で求められる発達課題である」とありますが、現実的な自己概念の形成は、主に青年期から成人初期にかけての「探求期」における重要な発達課題とされます。成人中期は「維持期」にあたり、自己概念の維持や再確立が課題となります。選択肢4は、「他者との関わり方を学ぶことが、成人後期 (65歳以上)の成長過程で求められる発達課題である」とありますが、他者との関わり方を学ぶことは、より早期の発達段階から生涯にわたって重要ですが、成人後期（解放期）の主な発達課題は、役割からの解放や新たな役割への適応、生活の再構築などになります。したがって、スーパーの理論に関する記述として最も適切なのは、人が生涯にわたって様々な役割を演じるという選択肢2です。",知識及び理論,第28回
28-9,動機づけに関する次の記述のうち、適切なものはどれか。,"マズロー (Maslow, A. H.)は、人間の欲求を「生理的欲求」、「安全の欲求」、「所属と愛情の欲求」、「自尊と承認の欲求」の4つに分類した。","マクレランド (McClelland, D. C.)は、職場における社会的欲求を、「達成欲求」、「権力欲求」、「親和欲求」に分類し、達成動機が強ければ強いほど自己実現が促進されるとした。","アルダファ (Alderfer, C.P.)は、人間の欲求を「存在欲求」、「関係欲求」、「成長欲求」の3つの階層に集約し、高次・低次の欲求が同時に生じることもあるとした。","ハーズバーグ (Herzberg, F.)は、給与や作業条件などの衛生要因が十分に満たされれば、従業員の仕事への積極性が高まることを明らかにした。",3,"動機づけ理論は、人々の行動の源泉や方向性を理解するために重要であり、キャリアコンサルティングにおいてもクライエントの動機づけを理解し、支援する上で不可欠です。選択肢1は、「マズロー(Maslow, A. H.)は、人間の欲求を『生理的欲求』、『安全の欲求』、『所属と愛情の欲求』、『自尊と承認の欲求』の4つに分類した」とありますが、マズローはこれらに加えて「自己実現の欲求」を最上位に置き、合計5段階の欲求階層説を提唱しました。したがって、4つに分類したという点が不適切です。選択肢2は、「マクレランド(McClelland, D. C.)は、職場における社会的欲求を、『達成欲求』、『権力欲求』、『親和欲求』に分類し、達成動機が強ければ強いほど自己実現が促進されるとした」とありますが、マクレランドの分類は正しいものの、「達成動機が強ければ強いほど自己実現が促進される」という部分は、彼の理論の直接的な結論ではありません。彼は、これらの欲求が個人の行動や組織の成果にどう影響するかを研究しました。選択肢3は、「アルダファ(Alderfer, C.P.)は、人間の欲求を『存在欲求』、『関係欲求』、『成長欲求』の3つの階層に集約し、高次・低次の欲求が同時に生じることもあるとした」とあり、これはアルダファのERG理論を正確に記述しています。ERG理論は、マズローの欲求段階説を修正・発展させたもので、欲求が階層的に満たされるだけでなく、複数の欲求が同時に存在し、また下位の欲求が満たされなくても上位の欲求が生じたり、上位の欲求が満たされない場合に下位の欲求が強まったりする（欲求の退行）という柔軟な考え方を示しています。これが最も適切な記述です。選択肢4は、「ハーズバーグ(Herzberg, F.)は、給与や作業条件などの衛生要因が十分に満たされれば、従業員の仕事への積極性が高まることを明らかにした」とありますが、ハーズバーグの二要因理論では、給与や作業条件などの衛生要因は、不満を防止する要因であり、これらが満たされても「積極性が高まる（動機づけられる）」わけではないとしました。積極性を高めるのは、仕事そのものの内容や達成感、承認などといった「動機づけ要因」であると提唱しました。したがって、動機づけに関する記述として最も適切なのは、アルダファのERG理論を説明した選択肢3です。",知識及び理論,第28回
28-10,"次の記述のうち、マーシャ (Marcia, J. E.) が示したアイデンティティ・ステイタスの「アイデンティティ拡散」に関する記述として、適切なものはどれか。",幼児期からのあり方について確信がなくなり、いくつかの可能性について本気で考えた末、自分自身の解決に達して、それに基づいて行動している。,自分の目標と親の目標の間に不協和がなく、どんな体験も、幼児期以来の信念を補強するだけになっており、硬さ(融通のきかなさ)が特徴である。,いくつかの選択肢について迷っているところで、その不確かさを克服しようと一生懸命努力している。,危機前においては、今まで本当に何者かであった経験がないので、何者かである自分を想像することができず、危機後においては、すべてのことが可能だし可能なままにしておかなければならない。,4,"マーシャ（Marcia, J. E.）のアイデンティティ・ステイタス理論は、エリクソンの発達段階理論における青年期のアイデンティティ形成に焦点を当て、危機（探索）とコミットメント（専念）の有無によって4つの状態に分類したものです。この問題は、「アイデンティティ拡散」に関する記述として適切なものを選ぶものです。選択肢1は、「幼児期からのあり方について確信がなくなり、いくつかの可能性について本気で考えた末、自分自身の解決に達して、それに基づいて行動している」とありますが、これは「アイデンティティ達成」の状態を説明しています。危機を経験し、コミットメントを確立した状態です。選択肢2は、「自分の目標と親の目標の間に不協和がなく、どんな体験も、幼児期以来の信念を補強するだけになっており、硬さ(融通のきかなさ)が特徴である」とありますが、これは「早期完了（フォークロージャー）」の状態を説明しています。危機を経験することなく、他者（特に親）の価値観や目標をそのまま受け入れている状態です。選択肢3は、「いくつかの選択肢について迷っているところで、その不確かさを克服しようと一生懸命努力している」とありますが、これは「モラトリアム（アイデンティティ猶予）」の状態を説明しています。危機を経験しており、探索の途上にある状態です。選択肢4は、「危機前においては、今まで本当に何者かであった経験がないので、何者かである自分を想像することができず、危機後においては、すべてのことが可能だし可能なままにしておかなければならない」とあり、これが「アイデンティティ拡散」の状態を最も適切に説明しています。アイデンティティ拡散は、危機もコミットメントも経験しておらず、自己の方向性や価値観が定まっていない状態を指します。何者であるかについての探索もコミットメントも欠如しているため、漠然とした状態が続きます。したがって、マーシャのアイデンティティ拡散に関する記述として適切なのは選択肢4です。",知識及び理論,第28回
28-11,カウンセリングの理論や心理療法の名称、その提唱者に関する次の記述のうち、組み合わせとして適切なものはどれか。,"エリス (Ellis, A.)、エゴグラム","デュセイ (Dusay, J. M.)、ゲシュタルト療法","フランクル (Frankl, V. E.)、ロゴセラピー (実存分析)",吉本伊信、論理療法,3,"カウンセリングの理論や心理療法、そしてその提唱者に関する知識は、キャリアコンサルタントが多様なクライエントに対応するための基礎となります。選択肢1は、「エリス (Ellis, A.)、エゴグラム」とありますが、アルバート・エリスは「論理療法（Rational Emotive Behavior Therapy: REBT）」の提唱者です。エゴグラムは、交流分析の自我状態を図式化したもので、ジョン・M・デュセイが開発しました。したがって、この組み合わせは不適切です。選択肢2は、「デュセイ (Dusay, J. M.)、ゲシュタルト療法」とありますが、ジョン・M・デュセイはエゴグラムの開発者であり、ゲシュタルト療法の提唱者はフレデリック・パールズです。したがって、この組み合わせも不適切です。選択肢3は、「フランクル (Frankl, V. E.)、ロゴセラピー (実存分析)」とあり、これは正しい組み合わせです。ヴィクトール・フランクルは、第二次世界大戦中の強制収容所での体験を通じて、人間が苦難の中でも人生の意味を見出すことの重要性を説き、「ロゴセラピー（Logotherapy）」を提唱しました。ロゴセラピーは、実存分析の一派であり、人生の意味の探求を重視します。選択肢4は、「吉本伊信、論理療法」とありますが、吉本伊信は「内観療法」の創始者です。論理療法（REBT）の提唱者はアルバート・エリスです。したがって、この組み合わせも不適切です。以上のことから、最も適切な組み合わせは選択肢3です。",知識及び理論,第28回
28-12,交流分析に関する次の記述のうち、最も不適切なものはどれか。,"交流分析は、アメリカの精神科医バーン (Berne, E.) によって提唱された。",「親」、「子ども」、「成人」の3つの自我状態を想定し、それらに配分される心的エネルギーを図示する方法としてエニアグラムが開発された。,対人的コミュニケーションを、「相補的交流」、「交叉的交流」、「裏面的交流」の3つのいずれにあたるかを分析する。,他者と言葉を交わしたり、視線を合わせたりすることは、相手の存在を認めるサインであり、これをストロークという。,2,"交流分析（Transactional Analysis: TA）は、エリック・バーンによって提唱された心理療法および対人関係の理論であり、自己理解や対人関係の改善に広く用いられています。選択肢1は、「交流分析は、アメリカの精神科医バーン (Berne, E.) によって提唱された」とあり、これは正しい記述です。エリック・バーンは、精神分析の訓練を受けながらも、より簡潔で理解しやすい理論として交流分析を開発しました。選択肢2は、「『親』、『子ども』、『成人』の3つの自我状態を想定し、それらに配分される心的エネルギーを図示する方法としてエニアグラムが開発された」とありますが、これが最も不適切な記述です。交流分析が「親（Parent）」、「成人（Adult）」、「子ども（Child）」の3つの自我状態（P-A-Cモデル）を想定している点は正しいですが、これらの自我状態に配分される心的エネルギーを図示する方法として開発されたのは「エゴグラム（Egogram）」であり、「エニアグラム」ではありません。エニアグラムは、9つの性格タイプを分類する別のパーソナリティ理論です。選択肢3は、「対人的コミュニケーションを、『相補的交流』、『交叉的交流』、『裏面的交流』の3つのいずれにあたるかを分析する」とあり、これは交流分析における「交流パターン」の分析方法を正確に記述しています。これらの交流パターンを分析することで、コミュニケーションの問題点を理解することができます。選択肢4は、「他者と言葉を交わしたり、視線を合わせたりすることは、相手の存在を認めるサインであり、これをストロークという」とあり、これも正しい記述です。ストロークとは、他者の存在を認め、関心を示すあらゆる行為（言葉、視線、身体的接触など）を指し、人間関係の基本的な要素とされます。したがって、交流分析に関する記述として最も不適切なのは選択肢2です。",知識及び理論,第28回
28-13,在職者等の学び・学び直しの促進のための公的な支援策に関する次の記述のうち、最も不適切なものはどれか。,社内検定認定制度は、個々の企業や団体が、そこで働く労働者を対象に自主的に行っている検定制度のうち、一定の基準を満たし、技能振興上奨励すべきと認めたものを厚生労働大臣が認定する制度である。,キャリア形成・リスキリング推進事業は、労働市場情報や職業・教育訓練等に関する情報を活用し、ハローワークの機能を強化する形で、在職時からキャリアアップに関する継続的な相談支援が行えるよう、必要な体制整備を図ったものである。,教育訓練給付講座検索システムでは、教育訓練給付制度の対象となる講座及び教育訓練施設の情報について、受講希望者がインターネットを活用して迅速かつ的確に検索・選択することができる。,キャリアコンサルタント検索システム (キャリコンサーチ)は、企業担当者や個人と、学び直しの支援経験のあるキャリアコンサルティング職種の技能検定1級または2級技能士とのマッチングを支援するシステムである。,4,在職者等の学び・学び直し（リスキリング）を促進するための公的な支援策は、労働者のキャリア形成を支援し、労働市場の変化に対応するために非常に重要です。選択肢1は、「社内検定認定制度は、個々の企業や団体が、そこで働く労働者を対象に自主的に行っている検定制度のうち、一定の基準を満たし、技能振興上奨励すべきと認めたものを厚生労働大臣が認定する制度である」とあり、これは正しい記述です。この制度は、企業内での能力評価の基準を明確にし、労働者の職業能力開発を促進することを目的としています。選択肢2は、「キャリア形成・リスキリング推進事業は、労働市場情報や職業・教育訓練等に関する情報を活用し、ハローワークの機能を強化する形で、在職時からキャリアアップに関する継続的な相談支援が行えるよう、必要な体制整備を図ったものである」とあり、これも正しい記述です。この事業は、在職者が自身のキャリアを見直し、新たなスキルを習得するための支援を強化することを目的としています。選択肢3は、「教育訓練給付講座検索システムでは、教育訓練給付制度の対象となる講座及び教育訓練施設の情報について、受講希望者がインターネットを活用して迅速かつ的確に検索・選択することができる」とあり、これも正しい記述です。このシステムは、教育訓練給付制度の利用者が、自分に合った講座を効率的に見つけるための情報提供ツールです。選択肢4は、「キャリアコンサルタント検索システム (キャリコンサーチ)は、企業担当者や個人と、学び直しの支援経験のあるキャリアコンサルティング職種の技能検定1級または2級技能士とのマッチングを支援するシステムである」とありますが、これが最も不適切な記述です。キャリアコンサルタント検索システム（キャリコンサーチ）は、国家資格キャリアコンサルタントの登録情報を提供し、一般の方々がキャリアコンサルタントを探すことができるシステムですが、特定の技能検定級のキャリアコンサルタントに限定して「学び直しの支援経験のある」という条件でマッチングを支援するものではありません。あくまで、登録されたキャリアコンサルタントの情報を広く提供するものです。したがって、最も不適切な記述は選択肢4です。,社会的意義,第28回
28-14,「令和5年度能力開発基本調査」(厚生労働省) で示された、労働者のキャリア形成支援に関する次の記述のうち、適切なものはどれか。,正社員以外を雇用する事業所において、正社員以外にキャリアコンサルティングを行うしくみがある事業所は、50%を下回っている。,キャリアコンサルティングを行うしくみを導入している事業所のうち、「正社員」にキャリアコンサルティングを行う上で問題があるとする事業所は、50%を下回っている。,ジョブ・カードの認知状況について、「内容を含めて知っており活用している」と回答した事業所は、20%を上回っている。,労働者の主体的なキャリア形成に向けて実施した取組について、「キャリアコンサルティングの実施」と回答した企業は、20%を上回っている。,1,「令和5年度能力開発基本調査」は、厚生労働省が実施する、企業および個人の能力開発に関する実態を把握するための重要な調査であり、労働者のキャリア形成支援の現状を理解する上で不可欠です。選択肢1は、「正社員以外を雇用する事業所において、正社員以外にキャリアコンサルティングを行うしくみがある事業所は、50%を下回っている」とあり、これは令和5年度能力開発基本調査の概況に合致する記述です。正社員以外の労働者に対するキャリアコンサルティングの実施は、正社員と比較してまだ普及が進んでおらず、50%を下回る事業所にとどまっています。これは、非正規雇用労働者のキャリア形成支援が今後の課題であることを示唆しています。選択肢2は、「キャリアコンサルティングを行うしくみを導入している事業所のうち、『正社員』にキャリアコンサルティングを行う上で問題があるとする事業所は、50%を下回っている」とありますが、この記述は「問題があるとする事業所」の割合について言及しており、調査結果と照らし合わせると、具体的な数値が異なる可能性があります。一般的に、キャリアコンサルティングの導入には様々な課題がありますが、50%を下回るという具体的な数値で問題点を指摘しているかは確認が必要です。選択肢3は、「ジョブ・カードの認知状況について、『内容を含めて知っており活用している』と回答した事業所は、20%を上回っている」とありますが、ジョブ・カードの活用状況はまだ限定的であり、20%を上回る事業所が「内容を含めて知っており活用している」と回答しているという状況ではありません。認知度は向上しているものの、活用まで至っている事業所はまだ少ないのが現状です。選択肢4は、「労働者の主体的なキャリア形成に向けて実施した取組について、『キャリアコンサルティングの実施』と回答した企業は、20%を上回っている」とありますが、キャリアコンサルティングの実施状況は企業規模によって異なりますが、全体としてはまだ20%を上回る企業が積極的に実施しているとは言えない状況です。したがって、令和5年度能力開発基本調査の結果と照らし合わせると、正社員以外の労働者に対するキャリアコンサルティングの実施状況が50%を下回っているという選択肢1が最も適切な記述となります。,社会的意義,第28回
28-15,教育訓練給付制度に関する次の記述のうち、不適切なものはどれか。,教育訓練給付制度は、厚生労働大臣が指定する教育訓練を修了した際に、受講費用の一部が支給される制度である。,教育訓練給付金は、在職中かつ雇用保険の被保険者でないと受給することができない。,教育訓練は、そのレベル等に応じて、専門実践教育訓練、特定一般教育訓練、一般教育訓練の3種類がある。,専門実践教育訓練について、受講前にジョブ・カードを活用したキャリアコンサルティングを受けなければ、「専門実践教育訓練給付金」を受給することができない。,2,教育訓練給付制度は、労働者の主体的な能力開発を支援し、雇用の安定と再就職の促進を図ることを目的とした雇用保険の給付制度です。選択肢1は、「教育訓練給付制度は、厚生労働大臣が指定する教育訓練を修了した際に、受講費用の一部が支給される制度である」とあり、これは制度の目的と内容を正確に記述しており、正しいです。選択肢2は、「教育訓練給付金は、在職中かつ雇用保険の被保険者でないと受給することができない」とありますが、これが最も不適切な記述です。教育訓練給付金は、雇用保険の被保険者であった期間が一定以上ある人が対象となりますが、受給申請時に「在職中」である必要はありません。離職者でも、受給資格期間を満たしていれば、給付を受けることが可能です。したがって、「在職中かつ」という条件が誤りです。選択肢3は、「教育訓練は、そのレベル等に応じて、専門実践教育訓練、特定一般教育訓練、一般教育訓練の3種類がある」とあり、これは正しい記述です。教育訓練給付制度には、対象となる講座の専門性や給付率に応じて、これら3つの種類があります。選択肢4は、「専門実践教育訓練について、受講前にジョブ・カードを活用したキャリアコンサルティングを受けなければ、『専門実践教育訓練給付金』を受給することができない」とあり、これも正しい記述です。専門実践教育訓練給付金を受給するためには、原則として、訓練前と訓練中にジョブ・カードを活用したキャリアコンサルティングを受け、訓練対応キャリアコンサルタントによる「訓練前キャリアコンサルティング」の実施と、その結果に基づく「ジョブ・カード」の作成・提出が要件となっています。したがって、教育訓練給付制度に関する記述として最も不適切なのは選択肢2です。,社会的意義,第28回
28-16,ハロートレーニング (公的職業訓練)に関する次の記述のうち、最も適切なものはどれか。,離職者訓練は、主に雇用保険を受給できない求職者を対象としており、一定の要件を満たす場合は、職業訓練受講給付金を受給できる。,求職者支援訓練は、主に雇用保険受給者を対象としており、雇用保険を受給しながら職業訓練を受講することができる。,求職者支援訓練の実施機関は、国(ポリテクセンター) や都道府県 (職業能力開発校)である。,ハロートレーニングの受講費用は、基本的に無料である。,4,ハロートレーニング（公的職業訓練）は、求職者や在職者の職業能力開発を支援するための制度であり、雇用の安定や再就職の促進に重要な役割を果たします。選択肢1は、「離職者訓練は、主に雇用保険を受給できない求職者を対象としており、一定の要件を満たす場合は、職業訓練受講給付金を受給できる」とありますが、離職者訓練は主に雇用保険受給者を対象としています。雇用保険を受給できない求職者を対象とするのは「求職者支援訓練」であり、職業訓練受講給付金が支給されるのも求職者支援訓練の受講者です。したがって、この記述は不適切です。選択肢2は、「求職者支援訓練は、主に雇用保険受給者を対象としており、雇用保険を受給しながら職業訓練を受講することができる」とありますが、これは選択肢1と同様に逆の記述です。求職者支援訓練は、雇用保険を受給できない求職者を主な対象としています。雇用保険受給者が受講するのは「離職者訓練」です。したがって、この記述も不適切です。選択肢3は、「求職者支援訓練の実施機関は、国(ポリテクセンター) や都道府県 (職業能力開発校)である」とありますが、ポリテクセンターや職業能力開発校は、主に「離職者訓練」や「在職者訓練」を実施する機関です。求職者支援訓練は、厚生労働大臣が認定した民間の教育訓練機関が実施します。したがって、この記述も不適切です。選択肢4は、「ハロートレーニングの受講費用は、基本的に無料である」とあり、これが最も適切な記述です。ハロートレーニング（公的職業訓練）の受講費用は、テキスト代などを除き、原則として無料です。これにより、経済的な負担を軽減し、多くの人が職業訓練を受けられるようになっています。したがって、ハロートレーニングに関する記述として最も適切なのは選択肢4です。,社会的意義,第28回
28-17,次の記述のうち、「公正な採用選考の基本」(厚生労働省) で示された、就職差別に繋がる恐れがあるとして採用選考時に配慮すべき把握項目に当たらないものはどれか。,家族に関すること,住宅状況に関すること,現住所の略図を求めること,自覚している性格に関すること,4,「公正な採用選考の基本」（厚生労働省）は、企業が採用活動を行う上で、応募者の適性・能力以外の事項で差別を行わないよう、配慮すべき事項を明確にしたガイドラインです。これは、応募者の基本的人権を尊重し、公平な採用機会を保障するために非常に重要です。選択肢1は、「家族に関すること」とあり、これは採用選考時に配慮すべき把握項目に当たります。例えば、家族構成や家族の職業、健康状態などを尋ねることは、応募者の適性・能力とは関係なく、差別につながる恐れがあるため、原則として避けるべき事項です。選択肢2は、「住宅状況に関すること」とあり、これも配慮すべき把握項目に当たります。例えば、住宅の種類（持ち家か賃貸か）、間取りなどを尋ねることは、応募者の能力とは関係なく、差別につながる可能性があります。選択肢3は、「現住所の略図を求めること」とあり、これも配慮すべき把握項目に当たります。住所の略図から、応募者の居住地域や周辺環境を推測し、それが差別につながる恐れがあるため、原則として避けるべき事項です。選択肢4は、「自覚している性格に関すること」とあり、これは採用選考時に配慮すべき把握項目には当たりません。応募者が自覚している性格は、職務遂行能力や組織への適合性を判断する上で、応募者自身の自己理解を深める情報となり得ます。ただし、性格診断テストなどを用いる場合は、その妥当性や公平性に配慮する必要があります。したがって、就職差別に繋がる恐れがあるとして採用選考時に配慮すべき把握項目に当たらないものは選択肢4です。,倫理と行動,第28回
28-18,企業における人材開発に関する次の記述のうち、最も適切なものはどれか。,人材開発の役割として、経営戦略を遂行するために企業が求める能力と、既存の人材が持つ能力とのギャップを埋めることが挙げられる。,OJT はどのような上司、先輩がその指導役を担ったとしても成果に大きな差異が生じないため、多くの企業において職業能力開発の場面で最も多く実施されている。,日本の多くの企業では、将来の自社を担う経営幹部、管理職、専門職に重点をおいて育成することを、キャリア開発としている。,CDP (キャリア・ディベロップメント・プログラム)とは、企業が用意する Off-JTによる研修等のメニューを体系的に示したものである。,1,企業における人材開発は、組織の持続的な成長と競争力強化のために不可欠な活動です。労働者の能力向上を支援し、組織の目標達成に貢献することを目的とします。選択肢1は、「人材開発の役割として、経営戦略を遂行するために企業が求める能力と、既存の人材が持つ能力とのギャップを埋めることが挙げられる」とあり、これは人材開発の最も重要な役割の一つを正確に記述しており、最も適切です。企業は、事業戦略や将来の目標達成に必要な能力を明確にし、現状の人材が持つ能力との間に存在するギャップを埋めるために、研修、OJT、自己啓発支援などの人材開発施策を実施します。選択肢2は、「OJT はどのような上司、先輩がその指導役を担ったとしても成果に大きな差異が生じないため、多くの企業において職業能力開発の場面で最も多く実施されている」とありますが、OJT（On-the-Job Training）の成果は、指導者の質に大きく左右されます。指導者の能力や意欲、指導方法によって成果に大きな差異が生じるため、「成果に大きな差異が生じない」という記述は不適切です。OJTが広く実施されているのは事実ですが、その効果は指導の質に依存します。選択肢3は、「日本の多くの企業では、将来の自社を担う経営幹部、管理職、専門職に重点をおいて育成することを、キャリア開発としている」とありますが、キャリア開発は、個々の従業員が自らのキャリアを主体的に形成していくことを支援するものであり、特定の階層の育成に限定されるものではありません。全従業員を対象とした概念です。選択肢4は、「CDP (キャリア・ディベロップメント・プログラム)とは、企業が用意する Off-JTによる研修等のメニューを体系的に示したものである」とありますが、CDP（Career Development Program）は、企業が従業員のキャリア形成を支援するために体系的に提供するプログラム全般を指し、Off-JT（Off-the-Job Training）のみに限定されるものではありません。OJTや自己啓発支援、キャリア面談なども含まれます。したがって、企業における人材開発に関する記述として最も適切なのは選択肢1です。,知識及び理論,第28回
28-19,「副業・兼業の促進に関するガイドライン」(厚生労働省、令和4年改定)で示された、副業・兼業における企業の対応に関する次の記述のうち、不適切なものはどれか。,副業・兼業の届出等の際に、副業・兼業の内容について労働者の安全や健康に支障をもたらさないか確認するとともに、副業・兼業の状況の報告等について労働者と話し合っておくこと。,副業・兼業を行う労働者に対して、業務上の秘密となる情報の範囲や、業務上の秘密を漏えいしないことについて注意喚起すること。,他社の労働者を自社でも使用する場合には、当該労働者が当該他社に対して負う競業避止義務に違反しないよう確認や注意喚起を行うこと。,労働者の副業・兼業が形式的に就業規則の規定に抵触する場合は、懲戒処分を行う旨を就業規則に明記し、程度・態様に関わらず処分を行うこと。,4,「副業・兼業の促進に関するガイドライン」は、労働者の多様な働き方を支援し、副業・兼業を円滑に進めるための企業側の対応について、厚生労働省が示したものです。これは、労働者のキャリア形成の多様化に対応するために重要な指針となります。選択肢1は、「副業・兼業の届出等の際に、副業・兼業の内容について労働者の安全や健康に支障をもたらさないか確認するとともに、副業・兼業の状況の報告等について労働者と話し合っておくこと」とあり、これはガイドラインの趣旨に合致する適切な記述です。労働者の健康確保や過重労働防止の観点から、企業は副業・兼業の内容を把握し、必要に応じて労働時間管理を行う必要があります。選択肢2は、「副業・兼業を行う労働者に対して、業務上の秘密となる情報の範囲や、業務上の秘密を漏えいしないことについて注意喚起すること」とあり、これも適切な記述です。企業秘密の保護は、副業・兼業を認める上で重要な課題であり、労働者への適切な注意喚起が求められます。選択肢3は、「他社の労働者を自社でも使用する場合には、当該労働者が当該他社に対して負う競業避止義務に違反しないよう確認や注意喚起を行うこと」とあり、これも適切な記述です。労働者が複数の企業で働く場合、競業避止義務の問題が生じる可能性があるため、トラブルを未然に防ぐための確認や注意喚起は重要です。選択肢4は、「労働者の副業・兼業が形式的に就業規則の規定に抵触する場合は、懲戒処分を行う旨を就業規則に明記し、程度・態様に関わらず処分を行うこと」とありますが、これが最も不適切な記述です。ガイドラインでは、副業・兼業を原則として認める方向性を示しており、形式的に就業規則に抵触するだけで直ちに懲戒処分を行うことは、労働者の副業・兼業を不当に制限することにつながりかねません。懲戒処分を行う場合は、副業・兼業の内容が本業に具体的な支障を及ぼすなど、客観的かつ合理的な理由が必要とされます。ガイドラインは、安易な懲戒処分ではなく、労働者との対話を通じて問題解決を図ることを推奨しています。したがって、副業・兼業における企業の対応に関する記述として最も不適切なのは選択肢4です。,社会的意義,第28回
28-20,「労働力調査(基本集計)2023年(令和5年)平均結果」(総務省統計局)で示された、わが国の労働市場の変化に関する次の記述のうち、適切なものはどれか。,自営業主・家族従業者数は2013年以降増加している。,2013年から2023年にかけて、女性雇用者に占める非正規雇用の割合はおおむね減少傾向にあるものの、2023年時点では、依然として5割を超えている。,高齢者の就業率(65歳以上人口に占める就業者の割合)は2013年以降減少している。,役員を除く雇用者のうち、有期の契約は前年比で10万人以上減少している。,2,「労働力調査（基本集計）」は、総務省統計局が毎月実施している、就業・不就業の状態を明らかにするための重要な統計調査です。この調査結果は、わが国の労働市場の構造や変化を理解する上で不可欠であり、キャリアコンサルティングにおいても労働市場の動向をクライエントに伝える上で重要です。選択肢1は、「自営業主・家族従業者数は2013年以降増加している」とありますが、労働力調査の結果を見ると、自営業主・家族従業者数は長期的に減少傾向にあります。したがって、この記述は不適切です。選択肢2は、「2013年から2023年にかけて、女性雇用者に占める非正規雇用の割合はおおむね減少傾向にあるものの、2023年時点では、依然として5割を超えている」とあり、これが最も適切な記述です。女性雇用者に占める非正規雇用の割合は、近年わずかに減少傾向が見られますが、依然として高い水準（5割以上）で推移しており、女性の働き方の特徴の一つとなっています。選択肢3は、「高齢者の就業率(65歳以上人口に占める就業者の割合)は2013年以降減少している」とありますが、わが国では高齢者の就業促進が進められており、65歳以上の就業率は2013年以降一貫して増加傾向にあります。したがって、この記述は不適切です。選択肢4は、「役員を除く雇用者のうち、有期の契約は前年比で10万人以上減少している」とありますが、労働力調査の年次推移を見ると、有期契約の雇用者は減少しているとは限りません。年によって変動はありますが、大幅な減少傾向にあるとは言えません。したがって、わが国の労働市場の変化に関する記述として最も適切なのは選択肢2です。,社会的意義,第28回
28-21,「令和6年版労働経済の分析」(厚生労働省)で述べられた、労働者を取り巻く環境の動向に関する次の記述のうち、最も適切なものはどれか。,2023年調査において、我が国の年次有給休暇取得率は、50%を下回っている。,2023年において、我が国の現金給与総額は前年比で上昇し、物価上昇分を上回ったため、実質賃金も前年比で増加した。,我が国において労働分配率は、景気拡大局面においては低下し、景気後退局面には上昇する特徴がある。,2023年において、労働組合員数、パートタイム労働者の労働組合員数は、共に3年連続で減少した。,3,「労働経済の分析」（労働経済白書）は、厚生労働省が毎年公表する、労働経済の現状と課題を分析したものです。労働者を取り巻く環境の動向を理解することは、キャリアコンサルタントがクライエントに適切な情報提供を行う上で不可欠です。選択肢1は、「2023年調査において、我が国の年次有給休暇取得率は、50%を下回っている」とありますが、厚生労働省の「就労条件総合調査」などによれば、年次有給休暇の取得率は近年上昇傾向にあり、2023年時点では50%を上回っています（概ね60%台）。したがって、この記述は不適切です。選択肢2は、「2023年において、我が国の現金給与総額は前年比で上昇し、物価上昇分を上回ったため、実質賃金も前年比で増加した」とありますが、2023年の実質賃金は、物価上昇に賃金上昇が追いつかず、前年比で減少しました。名目賃金は上昇しましたが、物価上昇率がそれを上回ったためです。したがって、この記述は不適切です。選択肢3は、「我が国において労働分配率は、景気拡大局面においては低下し、景気後退局面には上昇する特徴がある」とあり、これは日本の労働分配率の一般的な動向を正確に記述しており、最も適切です。景気拡大期には企業の利益が増加し、賃金の上昇がそれに追いつかないため労働分配率が低下する傾向にあります。一方、景気後退期には企業の利益が減少し、賃金が比較的硬直的であるため、労働分配率が上昇する傾向が見られます。選択肢4は、「2023年において、労働組合員数、パートタイム労働者の労働組合員数は、共に3年連続で減少した」とありますが、厚生労働省の「労働組合基礎調査」によれば、労働組合員数は近年ほぼ横ばいか微減傾向にありますが、パートタイム労働者の労働組合員数は増加傾向にあります。したがって、この記述は不適切です。以上のことから、労働者を取り巻く環境の動向に関する記述として最も適切なのは選択肢3です。,社会的意義,第28回
28-22,「令和6年版男女共同参画白書」(内閣府) において示された、わが国の女性の就業状況に関する次の記述のうち、適切なものはどれか。,2023年において、我が国の管理的職業従事者に占める女性の割合は、30%以上である。,女性の年齢階級別正規雇用比率が、20代後半をピークに30代から右肩下がりになる特徴を、「M字カーブ」という。,我が国で第1子出産前に就業していた女性の就業継続率(第1子出産後)は、50%を下回っている。,一般労働者のうち、正社員・正職員の男女の所定内給与額をみると、男性の給与水準を100としたときの女性の給与水準は70%台にとどまっている。,4,「男女共同参画白書」は、内閣府が毎年公表する、男女共同参画社会の形成の状況や政府が講じた施策などをまとめたものです。わが国の女性の就業状況を理解することは、キャリアコンサルタントが女性クライエントのキャリア形成を支援する上で非常に重要です。選択肢1は、「2023年において、我が国の管理的職業従事者に占める女性の割合は、30%以上である」とありますが、わが国の管理的職業従事者に占める女性の割合は、諸外国と比較しても低く、2023年時点でも30%には達していません（概ね10%台後半）。政府は目標としていますが、現状はまだ低い水準です。したがって、この記述は不適切です。選択肢2は、「女性の年齢階級別正規雇用比率が、20代後半をピークに30代から右肩下がりになる特徴を、『M字カーブ』という」とありますが、これは「女性の年齢階級別労働力率（就業率）」が、出産・育児期に当たる30代でいったん低下し、その後再び上昇するという特徴を指す「M字カーブ」の誤った説明です。正規雇用比率ではなく、労働力率について使われる用語です。したがって、この記述は不適切です。選択肢3は、「我が国で第1子出産前に就業していた女性の就業継続率(第1子出産後)は、50%を下回っている」とありますが、厚生労働省の調査などによれば、第1子出産後の女性の就業継続率は近年上昇傾向にあり、50%を上回っています（概ね70%程度）。したがって、この記述は不適切です。選択肢4は、「一般労働者のうち、正社員・正職員の男女の所定内給与額をみると、男性の給与水準を100としたときの女性の給与水準は70%台にとどまっている」とあり、これは厚生労働省の「賃金構造基本統計調査」などから読み取れる、男女間の賃金格差の現状を正確に記述しており、最も適切です。女性の給与水準は男性と比較して依然として低い水準にあります。したがって、わが国の女性の就業状況に関する記述として最も適切なのは選択肢4です。,社会的意義,第28回
28-23,雇用保険制度に関する次の記述のうち、適切なものはどれか。,雇用保険では、事業の業種や規模によらず、すべての労働者が適用を受け、暫定任意適用事業は存在しない。,雇用保険では、31日以上引き続き雇用されることが見込まれ、かつ1週間の所定労働時間が20時間以上である者は被保険者となる。,雇用保険二事業は、職業生活の円滑な継続を援助、促進することを目的とした「高年齢雇用継続給付」、「介護休業給付」を指す。,雇用保険料率は、労働者負担と事業主負担ともに同率である。,2,雇用保険制度は、労働者の生活及び雇用の安定を図るとともに、再就職の促進を目的とした社会保険制度です。キャリアコンサルタントは、この制度の基本的な知識を持つことが求められます。選択肢1は、「雇用保険では、事業の業種や規模によらず、すべての労働者が適用を受け、暫定任意適用事業は存在しない」とありますが、これは不適切です。農業、林業、漁業の一部事業所や、個人経営の事業所などには、労働者の同意を得て任意で適用される「暫定任意適用事業」が存在します。また、一部の労働者（例えば、短期の雇用や週の労働時間が短い者）は適用対象外となる場合があります。選択肢2は、「雇用保険では、31日以上引き続き雇用されることが見込まれ、かつ1週間の所定労働時間が20時間以上である者は被保険者となる」とあり、これは雇用保険の被保険者となるための基本的な要件を正確に記述しており、最も適切です。この要件を満たす労働者は、原則として雇用保険の適用を受けます。選択肢3は、「雇用保険二事業は、職業生活の円滑な継続を援助、促進することを目的とした『高年齢雇用継続給付』、『介護休業給付』を指す」とありますが、雇用保険二事業とは、「雇用安定事業」と「能力開発事業」を指します。高年齢雇用継続給付や介護休業給付は、雇用継続給付の一部であり、雇用保険二事業とは異なります。したがって、この記述は不適切です。選択肢4は、「雇用保険料率は、労働者負担と事業主負担ともに同率である」とありますが、雇用保険料率は、労働者負担と事業主負担で異なる比率が設定されています。一般的に事業主負担の方が労働者負担よりも高くなっています。したがって、この記述は不適切です。以上のことから、雇用保険制度に関する記述として最も適切なのは選択肢2です。,社会的意義,第28回
28-24,年次有給休暇に関する次の記述のうち、誤っているものはどれか。,週1日勤務の非正規労働者についても、6か月継続勤務し、出勤率が8割以上であれば、年次有給休暇の権利が与えられる。,全労働日の8割以上出勤することが年次有給休暇取得の要件とされるが、育児休業取得期間は出勤したものとみなされない。,時季変更権の行使にあたり、年次有給休暇の使途を尋ねることはさしつかえない。,時間単位で年次有給休暇を制度化するためには、労使協定を締結する必要がある。,2,年次有給休暇は、労働者の心身のリフレッシュと生活のゆとりのために重要な権利であり、労働基準法で定められています。キャリアコンサルタントは、労働者の権利に関する基本的な知識を持つことが求められます。選択肢1は、「週1日勤務の非正規労働者についても、6か月継続勤務し、出勤率が8割以上であれば、年次有給休暇の権利が与えられる」とあり、これは正しい記述です。パートタイム労働者など、所定労働日数が少ない労働者についても、労働日数に応じた年次有給休暇が付与されます。これは「比例付与」と呼ばれます。選択肢2は、「全労働日の8割以上出勤することが年次有給休暇取得の要件とされるが、育児休業取得期間は出勤したものとみなされない」とありますが、これが誤っている記述です。育児休業期間や介護休業期間、業務上の負傷・疾病による休業期間などは、年次有給休暇の出勤率算定においては「出勤したものとみなされる」とされています。これにより、育児休業などを取得した労働者が年次有給休暇の権利を不利益に扱われないよう保護されています。選択肢3は、「時季変更権の行使にあたり、年次有給休暇の使途を尋ねることはさしつかえない」とあり、これは正しい記述です。会社は、労働者が請求した時季に年次有給休暇を与えることが事業の正常な運営を妨げる場合に限り、他の時季に変更する「時季変更権」を行使できます。この際、使途を尋ねることは、時季変更権の行使の必要性を判断するために行われるものであり、直ちに不適切とはされません。ただし、使途によって時季変更権の行使の可否を判断することはできません。選択肢4は、「時間単位で年次有給休暇を制度化するためには、労使協定を締結する必要がある」とあり、これは正しい記述です。時間単位年休を導入するには、労働者の過半数で組織する労働組合がある場合はその労働組合と、ない場合は労働者の過半数を代表する者との間で労使協定を締結し、所轄労働基準監督署長に届け出る必要があります。したがって、年次有給休暇に関する記述のうち誤っているものは選択肢2です。,社会的意義,第28回
28-25,労働基準法上の労働時間に関する次の記述のうち、正しいものはどれか。,労働基準法上、労働時間に該当するか否かは、労働契約、就業規則等の定めに従う。,所定労働時間外に行われる企業外の研修・教育活動等は、実作業でないため、いかなる場合であっても労働基準法上の労働時間に該当しない。,警備業務に従事する労働者の仮眠時間は、実作業を伴わなくても警報が鳴った場合の対応が義務づけられる場合には、労働基準法上の労働時間に該当する。,飲食店等で、客の来店時の即時対応が義務付けられていたとしても、客がいないために雑談などして働いていない時間は、労働基準法上の労働時間に該当しない。,3,労働基準法上の労働時間に関する理解は、労働者の権利保護と企業の適切な労務管理のために不可欠であり、キャリアコンサルタントが労働相談に応じる上で重要な知識です。労働時間とは、労働者が使用者の指揮命令下に置かれている時間を指し、使用者の明示または黙示の指示により労働に従事する時間はもちろん、待機時間なども含まれる場合があります。選択肢1は、「労働基準法上、労働時間に該当するか否かは、労働契約、就業規則等の定めに従う」とありますが、これは誤りです。労働時間の該当性は、労働契約や就業規則の定めではなく、客観的に労働者が使用者の指揮命令下に置かれているか否かによって判断されます。契約や就業規則で労働時間とされていなくても、実態として指揮命令下にあれば労働時間とみなされます。選択肢2は、「所定労働時間外に行われる企業外の研修・教育活動等は、実作業でないため、いかなる場合であっても労働基準法上の労働時間に該当しない」とありますが、これも誤りです。企業外の研修・教育活動であっても、参加が義務付けられている場合や、業務上必須とされている場合など、実質的に使用者の指揮命令下に置かれていると判断される場合は、労働時間に該当します。選択肢3は、「警備業務に従事する労働者の仮眠時間は、実作業を伴わなくても警報が鳴った場合の対応が義務づけられる場合には、労働基準法上の労働時間に該当する」とあり、これが正しい記述です。仮眠時間であっても、警報対応など即座に対応する義務があり、労働から完全に解放されていない場合は、労働基準法上の労働時間とみなされます。これは、判例でも示されている考え方です。選択肢4は、「飲食店等で、客の来店時の即時対応が義務付けられていたとしても、客がいないために雑談などして働いていない時間は、労働基準法上の労働時間に該当しない」とありますが、これも誤りです。客の来店に即時対応する義務がある場合、客がいない時間であっても、労働者は待機しており、使用者の指揮命令下に置かれていると判断されます。このような時間は「手待ち時間」と呼ばれ、労働時間に該当します。したがって、労働基準法上の労働時間に関する記述として正しいものは選択肢3です。,社会的意義,第28回
28-26,労働者災害補償保険制度に関する次の記述のうち、正しいものはどれか。,労働者災害補償保険制度に関する費用は、原則として労働者の負担する保険料によってまかなわれている。,労働者災害補償保険は、5人以下の労働者を使用する事業所には適用されない。,労働者災害補償保険法が適用される労働者に、アルバイトやパートタイマーは含まれない。,労災年金給付等の算定の基礎となる給付基礎日額は、毎月勤労統計の平均給与額の変動等に応じて、毎年自動的に変更されている。,4,労働者災害補償保険（労災保険）制度は、業務上の事由または通勤による労働者の負傷、疾病、障害、死亡に対して保険給付を行う制度です。労働者の生活保障と福祉の増進を図る上で非常に重要であり、キャリアコンサルタントは、労働者の相談に応じる上でこの制度の知識が求められます。選択肢1は、「労働者災害補償保険制度に関する費用は、原則として労働者の負担する保険料によってまかなわれている」とありますが、これは誤りです。労災保険の保険料は、原則として全額事業主が負担します。労働者が保険料を負担することはありません。選択肢2は、「労働者災害補償保険は、5人以下の労働者を使用する事業所には適用されない」とありますが、これも誤りです。労災保険は、原則として労働者を使用するすべての事業に強制的に適用されます。事業所の規模や業種による適用除外はありません。選択肢3は、「労働者災害補償保険法が適用される労働者に、アルバイトやパートタイマーは含まれない」とありますが、これも誤りです。労災保険は、雇用形態にかかわらず、労働者として賃金を受けているすべての人が適用対象となります。アルバイトやパートタイマーも含まれます。選択肢4は、「労災年金給付等の算定の基礎となる給付基礎日額は、毎月勤労統計の平均給与額の変動等に応じて、毎年自動的に変更されている」とあり、これが正しい記述です。労災保険の年金給付額を算定する際の基礎となる給付基礎日額は、賃金水準の変動に対応するため、毎月勤労統計の平均給与額の変動率に応じて、毎年自動的に改定されます（スライド制）。これにより、長期にわたる給付の価値が維持されるようになっています。したがって、労災保険制度に関する記述として正しいものは選択肢4です。,社会的意義,第28回
28-27,「キャリア・パスポート」に関する次の記述のうち、不適切なものはどれか。,「キャリア・パスポート」は、教師にとっては、その記述をもとに対話的にかかわることによって、児童生徒の成長を促し、系統的な指導に資するものである。,「キャリア・パスポート」は、児童生徒にとっては、自らの学習状況やキャリア形成を見通したり振り返ったりして自己評価するものである。,「キャリア・パスポート」は、導入後、すべての小・中・高等学校で作成・活用されている。,「キャリア・パスポート」は、各地域・各学校における実態に応じ、学校間で連携しながら、柔軟な工夫を行うことが期待されている。,3,「キャリア・パスポート」は、文部科学省が推進する、児童生徒が自らの学習状況やキャリア形成を見通し、振り返り、自己評価を行うためのツールです。これは、キャリア教育の一環として、小・中・高等学校を通じて活用されることが期待されています。選択肢1は、「『キャリア・パスポート』は、教師にとっては、その記述をもとに対話的にかかわることによって、児童生徒の成長を促し、系統的な指導に資するものである」とあり、これは正しい記述です。教師はキャリア・パスポートを通じて児童生徒の学びのプロセスやキャリアへの意識を把握し、個別指導や進路指導に活用することができます。選択肢2は、「『キャリア・パスポート』は、児童生徒にとっては、自らの学習状況やキャリア形成を見通したり振り返ったりして自己評価するものである」とあり、これも正しい記述です。キャリア・パスポートの主な目的の一つは、児童生徒が主体的に自己の学びや成長を記録し、振り返ることで、自己理解を深め、キャリア形成への意識を高めることです。選択肢3は、「『キャリア・パスポート』は、導入後、すべての小・中・高等学校で作成・活用されている」とありますが、これが最も不適切な記述です。キャリア・パスポートは、文部科学省がその活用を推奨していますが、法的に義務付けられているわけではなく、すべての学校で一律に作成・活用されているわけではありません。各学校の判断や実情に応じて導入が進められています。選択肢4は、「『キャリア・パスポート』は、各地域・各学校における実態に応じ、学校間で連携しながら、柔軟な工夫を行うことが期待されている」とあり、これも正しい記述です。キャリア・パスポートの活用は、地域や学校の特色、児童生徒の発達段階に合わせて柔軟に行われることが求められています。したがって、キャリア・パスポートに関する記述として最も不適切なのは選択肢3です。,社会的意義,第28回
28-28,「インターンシップを始めとする学生のキャリア形成支援に係る取組の推進に当たっての基本的考え方」(文部科学省・厚生労働省・経済産業省、令和4年一部改正)で示された、インターンシップの意義に関する次の記述のうち、不適切なものはどれか。,インターンシップは企業等にとって、学生の仕事に対する能力を適正に評価するとともに、採用選考活動時における評価材料を取得することができる。,インターンシップであるオープン・カンパニーは、企業等の実態について学生の理解を促す一つの契機になり、自社の魅力発信としても有益な取組となる。,インターンシップは、大学等における教育内容・方法の改善・充実につながり、学生の新たな学習意欲を喚起する契機となることも期待できる。,インターンシップは、学生が自己の職業適性や将来設計について考える機会となり、主体的な職業選択や高い職業意識の育成が図られる。,2,インターンシップの意義に関する問題です。令和4年の一部改正では、インターンシップを4類型に分類しました。このうち、オープン・カンパニー（タイプ1）は、主に学生の企業理解を促進するための広報活動と位置づけられており、採用選考活動とは明確に区別されています。選択肢2はオープン・カンパニーをインターンシップの一環として述べていますが、この類型では採用選考に直接結びつくような評価は行わないこととされています。そのため、他の選択肢がインターンシップの一般的な意義として適切であるのに対し、この選択肢はオープン・カンパニーの限定的な役割を踏まえると、全体としての「インターンシップの意義」としては不適切な記述となります。,社会的意義,28
28-29,「生徒指導提要(改訂版)」(文部科学省、令和4年)で示された、生徒指導とキャリア教育に関する次の記述のうち、不適切なものはどれか。,キャリア教育は生徒指導とは異なる機能をもつ、児童生徒の社会的自己実現を支える唯一の教育活動であり、生徒指導においては、両者の異なる作用を理解した上で、個別の取り組みが大切である。,生徒指導では、日頃から児童生徒の社会的自立に向けた支援を行うことはもとより、生涯を見通したキャリア教育や適切な進路指導を行うことも大切である。,中途退学を余儀なくされる状態を未然に防ぐためには、生徒指導、キャリア教育・進路指導が連携し、小・中学校の段階も含め、生活、学業、進路のそれぞれの側面から社会的・職業的自立に向けて必要な基盤となる資質・能力を身に付けるように働きかけることが大切である。,生徒指導、進路指導・キャリア教育は、ガイダンスという範疇では同一の機能を持っており、進路の課題と生活の課題はつながっているという意識の下で支援を行うことが求められる。,1,生徒指導とキャリア教育の関係性についての問題です。「生徒指導提要」では、両者は密接に関連し、連携して児童生徒の成長を支えるべきものとされています。キャリア教育は重要な活動ですが、「唯一の教育活動」と断定している点、そして両者の連携よりも「個別の取り組みが大切」と強調している点が不適切です。実際には、両者の機能を理解した上で、有機的に連携させることが求められており、生活指導と進路指導は表裏一体の関係にあります。,社会的意義,28
28-30,発達障害のある人の特徴的な傾向や状況に関する次の記述のうち、最も不適切なものはどれか。,ADHD(注意欠如・多動性障害)のある人は、仕事に集中できない、仕事を先延ばしにしてしまい間に合わない、ケアレスミスが多い、机の上が常に散らかっているなどの傾向がみられる。,SLD(限局性学習障害)のある人は、必要な資料やマニュアルが読めない、時間がかかる、メモなどをとることができない、などの傾向がみられる。,ASD(自閉スペクトラム障害)のある人は、コミュニケーション不足から上司や同僚らと衝突する、適切な距離をとった関係が作れない、自分のやり方に固執する、などの特徴がみられる。,発達障害のある人は、職場の不適応が引き金になってその障害の特徴がより顕著になることはあるが、うつ病やパニック障害など、他の障害の特徴を示すことはほとんどない。,4,発達障害と二次障害に関する問題です。発達障害のある人は、その特性から周囲とのミスマッチが生じやすく、ストレスを抱えやすい状況にあります。その結果、うつ病、不安障害、パニック障害などの精神疾患（二次障害）を併発するケースは少なくありません。「他の障害の特徴を示すことはほとんどない」という記述は事実に反するため、不適切です。キャリアコンサルタントとして、二次障害の可能性も念頭に置いた上で、適切な支援や専門機関へのリファーを検討することが重要です。,知識と理論,28
28-31,メンタルヘルスケアに関する次の記述のうち、最も適切なものはどれか。,「職場における心の健康づくり (労働者の心の健康の保持増進のための指針)」 (独立行政法人労働者健康安全機構、2024年)によれば、メンタルヘルスケアは、「セルフケア」、「同僚によるケア」、「ラインによるケア」、「事業場外資源によるケア」の4つのケアに基づき展開される。,「令和5年 労働安全衛生調査(実態調査)の概況」(厚生労働省)によれば、職業生活に関することで、強いストレスとなっていると感じる事柄で最も多いのは、「対人関係(セクハラ・パワハラを含む。)」である。,ストレス反応は、心理的側面、行動的側面、身体的側面などに表れる。,事業者には、企業規模に関係なく、ストレスチェック制度を設けることが義務づけられている。,3,ストレス反応に関する基本的な知識を問う問題です。ストレス反応は、心理面（不安、イライラ、落ち込み）、行動面（遅刻、欠勤、ミス増加、飲酒量増加）、身体面（頭痛、肩こり、不眠、胃痛）など、多岐にわたって現れます。この記述は、ストレス反応の多様な側面を正しく捉えています。選択肢1は、「同僚によるケア」ではなく「事業場内産業保健スタッフ等によるケア」が正しい4つのケアの一つです。選択肢2は、同調査では「仕事の質・量」が最も多いストレス要因とされています。選択肢4は、ストレスチェックの義務化は常時50人以上の労働者を使用する事業場が対象です。,知識と理論,28
28-32,障害者への合理的配慮の事例に関する次の記述のうち、最も不適切なものはどれか。,聴覚障害の従業員が円滑に仕事ができるように、手話通訳者・要約筆記者を配置する。,身体障害者が通勤時のラッシュを避けるため、勤務時間を変更する。,視覚障害者の採用試験の問題を点訳・音訳する。,障害者と健常者が同じ環境で働けるようにするため、机の大きさや高さは他の従業員とそろえる。,4,合理的配慮の本質を理解しているかを問う問題です。合理的配慮とは、障害のある人がない人と同じように機会を得られるよう、個々の状況に応じて行われるべき調整や変更のことです。画一的に「同じ環境」を提供することが、かえって障壁となる場合があります。例えば、車いすを利用する人には、標準的な高さの机は使いづらく、高さ調整可能な机が必要です。「他の従業員とそろえる」という形式的な平等は、実質的な機会の平等を損なう可能性があり、合理的配慮の考え方とは異なるため不適切です。,倫理と行動,28
28-33,病気の治療と仕事の両立支援に関する次の記述のうち、適切なものの組み合わせはどれか。\nA. 労働者本人から支援を求める申し出がなされたことを端緒に取り組むことが基本となるため、申し出が行いやすい環境整備が重要である。\nB. 支援においては、相談者が治療に専念できるように離職を促すと同時に、治療期間中の経済的不安を取り除くための支援機関等を案内し、必要に応じて担当者に連絡をする。\nC. 就労によって疾病の増悪、再発や労働災害が生じないよう、就業上の措置や治療に対する配慮を行うことが就業の前提となるが、仕事の繁忙等、特別な理由がある場合は例外として認められる。\nD. 症状や治療方法などは個人ごとに大きく異なるため、個人ごとに取るべき対応やその時期等は異なるものであり、個別事例の特性に応じた配慮が必要である。,AとB,AとD,BとC,CとD,2,治療と仕事の両立支援に関する基本姿勢を問う問題です。支援の基本は、労働者本人の申し出から始まるため、プライバシーに配慮しつつ、相談しやすい環境を整えることが重要です（A）。また、病状や必要な配慮は一人ひとり異なるため、個別性に応じたきめ細やかな対応が不可欠です（D）。したがってAとDが適切です。Bのように安易に離職を促すのは両立支援の趣旨に反します。Cのように業務の都合で安全配慮を怠ることは許されません。,技能,28
28-34,キャリアコンサルティングにおける「キャリア」の意味や意義に関する次の記述のうち、最も適切なものはどれか。,キャリアとは、「職業」や「職務」のことである。,キャリアは、ある時点での「転機」や「移行」を指す言葉である。,キャリアという概念は、「個人の内的世界」に焦点を当てている。,キャリアは、「時間的流れ」、「時の経過」という意味を含んでいる。,4,キャリアの概念に関する問題です。現代のキャリア理論では、キャリアを単なる職業や職歴だけでなく、「生涯にわたる生き方そのもの」や「個人が生涯にわたって遂行する様々な役割の連鎖」と広く捉えます。この考え方の根底には、人生という時間軸の中で、経験が積み重なり、人が変化・成長していくという視点があります。したがって、「時間的流れ」「時の経過」という意味を含んでいるという記述が、キャリアの包括的な概念を最も的確に表しています。,知識と理論,28
28-35,カウンセリングにおけるクライエントとの信頼関係 (ラポール)に関する次の記述のうち、最も不適切なものはどれか。,クライエントの自己成長力が働き始めるためには、カウンセラーとクライエントとの信頼関係が必須である。,信頼関係とは、クライエント自身が脅かされず守られた感覚を持てること、ともに問題に取り組んでいけるという信頼感と意欲の醸成がなされる関係性のことである。,面接の初期段階で、クライエントの抱える問題の解決方法をできるだけ早く提案することが、信頼関係の構築につながる。,信頼関係をもとにして、語りや非言語メッセージからクライエントのニーズを的確に把握するよう努めることで、カウンセリングへの動機づけにもつながる。,3,カウンセリングの基本であるラポール（信頼関係）形成に関する問題です。ラポールは、クライエントが安心して自己開示できる安全な場を作ることで築かれます。面接の初期段階で性急に解決策を提案することは、クライエントに「自分の話を十分に聞いてもらえていない」という印象を与え、むしろ信頼関係の構築を妨げる可能性があります。まずは傾聴に徹し、クライエントの語りに寄り添うことが重要です。したがって、早期の解決策提案が信頼関係構築につながるとする記述は不適切です。,技能,28
28-36,構成的グループエンカウンターに関する次の記述のうち、不適切なものはどれか。,「ふれあい」 と 「自他発見」をねらいとしている。,「構成的」とは、枠を与えるという意味である。,ゲシュタルト療法を理論的根拠としている。,治療的カウンセリングの手法として考案された。,4,構成的グループエンカウンターに関する知識を問う問題です。構成的グループエンカウンターは、國分康孝らによって開発された、主に教育分野で活用されるグループアプローチです。自己理解や他者理解を深め、対人関係スキルを育成することを目的としており、治療を目的とした手法ではありません。そのため、「治療的カウンセリングの手法として考案された」という記述は不適切です。ゲシュタルト療法とは直接的な理論的根拠の関係にはなく、人間性心理学的なアプローチの一つと位置づけられています。,知識と理論,28
28-37,オンラインで提供されるマイジョブ・カードにおけるキャリア・プラン作成補助シートに関する次の記述のうち、最も不適切なものはどれか。,学生、在職者、求職者等あらゆる属性でも、一つの様式で作成することができる。,自分のキャリアや価値観に近い記入例を調べられる「記入例」 検索機能がある。,仕事を始めてから現在までをグラフで振り返ることができる「ライフラインチャート」 作成の機能がある。,キャリア・プラン作成補助シートの質問に答えることで、自分の価値観や、やりたいことが明確になる。,1,マイジョブ・カードの具体的な機能に関する問題です。マイジョブ・カードは、利用者の状況に応じて最適な支援ができるよう、対象者（在職者、求職者、学生など）ごとに異なる様式が用意されています。それぞれのライフステージや課題に合わせたキャリアプランニングを支援するためです。したがって、「あらゆる属性でも、一つの様式で作成することができる」という記述は事実と異なるため不適切です。,技能,28
28-38,カウンセリングにおける「見立て」に関する次の記述のうち、最も不適切なものはどれか。,見立てには、問題を同定すること、見通しを推察し治療目標の設定を図ることの2つの目的がある。,問題の同定とは、クライエントの悩みや問題点が何で、どうして、またどのようにその問題が形成されたのか、明らかにすることである。,問題の同定にあたっては、まず最初に精神医学的要因から検討する。,クライエントの問題や問題形成を考える際には、身体的要因、対人的・環境的要因、生育史や性格的要因などを組み合わせて理解する。,3,カウンセリングにおける見立て（アセスメント）の進め方に関する問題です。見立てとは、クライエントが抱える問題を多角的に理解するプロセスです。そのためには、身体的、心理的、社会的（対人関係、環境）、発達的（生育歴）など、様々な要因を統合的に検討する「生物心理社会モデル」の視点が重要です。「まず最初に精神医学的要因から検討する」というように、特定の要因を優先したり限定したりするアプローチは、クライエントの全体像を見誤る可能性があり、不適切です。,技能,28
28-39,job tag(職業情報提供サイト (日本版 O-NET)) の 「自己診断ツール」に含まれている心理テストに関する次の記述のうち、適切なものはどれか。,職業適性テスト (Gテスト)では、計算が必要な問題があるため、電卓を手元において受検する。,職業興味検査は、就職の可能性や労働条件を考えずに、その作業をやってみたいかどうか、直感的に思ったまま回答するとよい。,「しごとの価値観」は価値観検査であり、設問にある仕事を現実的にできるかどうかをしっかりと判断しながら回答することで、より正確な検査結果を得ることができる。,作業性格テストでは、様々な作業場面についての質問に答えると、作業性格プロフィールが示される。,2,職業興味検査の受け方に関する問題です。職業興味検査の目的は、個人の純粋な興味・関心の方向性を把握することです。そのため、給与や休日、就職の難易度といった現実的な条件をいったん脇に置き、「もしできるとしたら、やってみたいか、興味があるか」という直感で回答することが、より本質的な興味を探る上で有効です。したがって、この記述が最も適切です。他の選択肢は、ツールの使い方や内容について誤解があります。,知識と理論,28
28-40,キャリアコンサルティングにおける「自己理解の支援」に関する次の記述のうち、最も適切なものはどれか。,自己理解で最も大切なことは、相談者の肯定的な部分よりも否定的な部分に目を向けて振り返り、改善の方向性を考えることである。,"ホランド (Holland, J. L.)は、人間のパーソナリティと環境は8つに分けられるという考えを理論化した。",価値観を明らかにするため、必要に応じて、適切な検査を相談者との合意に基づいて行うのが良い。,ジョブ・カードは、職業能力の見える化、職業能力の証明を目的にしており、自己理解の促進は目的としていない。,3,自己理解支援の方法に関する問題です。自己理解を深めるためには、対話だけでなく、客観的なツールを活用することも有効です。特に価値観のような抽象的な概念を明らかにするために、価値観検査などのアセスメントツールを用いることは、相談者が自身の内面を整理し、気づきを得る助けとなります。その際、必ず相談者の同意を得て、結果を一方的に伝えるのではなく、対話の材料として用いることが重要です。したがって、この記述が最も適切です。,技能,28
28-41,「職業理解・職業情報」に関する次の記述のうち、最も不適切なものはどれか。,職業理解とは、職業、産業、事業所、雇用・経済・社会状況を理解することである。,日本標準職業分類においては、自分が属する世帯の家業に従事している家族従業者が行う仕事は、無給であれば職業とみなされない。,公的統計において、職業別統計をまとめるときは、日本標準職業分類を使用する。,厚生労働省編職業分類は、日本標準職業分類に準拠して設定されている。,2,職業の定義に関する知識を問う問題です。日本の公的統計の基準である日本標準職業分類では、「家族従業者」は、世帯の家業（農家や個人商店など）に無給で従事していても、一定時間以上（目安として1日2時間以上）働いていれば、職業として分類されます。これは、その労働が世帯の経済活動に貢献していると見なされるためです。したがって、「無給であれば職業とみなされない」という記述は誤りです。,知識と理論,28
28-42,職業体験の意義に関する次の記述のうち、最も不適切なものはどれか。,希望している職業について、イメージと合っているか、イメージどおりでなくとも許容範囲内にあるか、気づいていなかった問題点はないかなどを確認できる。,トライアル雇用の場合は、職場体験に加え、当該事業所への円滑な就職も期待できる。,働くことの楽しさ、やりがい、厳しさに触れることは、特に定年退職者の職業意識の向上や働く意義の理解の促進に対して有効である。,就職未経験者やブランクのある者においては、あらかじめ体験することで職業生活への円滑な移行が期待できる。,3,職業体験の対象者とその効果に関する問題です。職業体験は、これから職業選択を行う若者や、就労経験の少ない人、ブランクのある人などにとって、職業理解を深め、職業意識を醸成する上で非常に有効です。定年退職者にとっても無意味ではありませんが、「特に」有効であると対象者を限定するほどの強い関連性はありません。むしろ、これからキャリアをスタートさせる層にとっての意義の方が大きいと考えられるため、この記述は最も不適切と言えます。,社会的意義,28
28-43,システマティック・アプローチの一般的な指針に関する次の記述のうち、最も不適切なものはどれか。,キャリアコンサルタントは、ラポールづくりにおいては、クライエントと心理的な関係を確立することよりも、クライエントの問題がどこにあるかを明らかにすることが望ましい。,キャリアコンサルタントには、クライエントが何を求めているかを認識する能力が求められる。,キャリアコンサルタントには、クライエント自身に学習理論に基づく宿題を考えさせる力も必要である。,キャリアコンサルタントは、クライエント自身が持っている心配や困難などについてどのような変容を望み、どうしたらそれらができるかを、クライエント自らが認識できるように支援する必要がある。,1,カウンセリングの基本原則に関する問題です。システマティック・アプローチは体系的で計画的なアプローチですが、その土台にはクライエントとの信頼関係（ラポール）が不可欠です。クライエントが安心して話せる心理的な関係性を確立する前に、問題の特定を優先することは、クライエントの抵抗感や不信感を生みかねません。いかなるアプローチにおいても、ラポール形成は全ての支援の出発点です。したがって、問題の明確化をラポール確立より優先するべきだという記述は不適切です。,技能,28
28-44,次の記述のうち、「将来、海外の大学院でマネジメントを学びたい」という目標を持つクライエント(大学生)への意思決定のプロセスでの対応として、最も適切なものはどれか。,現在の大学での学業がおろそかにならないよう、当面は目の前の授業に注力するように指導し、目標の具体化は先送りにした。,大学生は情報収集力が十分ではないため、クライエントにとって最適な大学院をキャリアコンサルタントが判断し、情報収集を行ったうえでクライエントに紹介した。,語学力の向上に関しては短期的に達成可能な目標とともに中期、長期の目標を検討し、達成したかどうかの基準を明確にしたスモールステップを一緒に検討した。,クライエントが考えた具体的行動が現実的に実行が難しいと感じても、クライエントの意欲を尊重して背中を押した。,3,目標設定と行動計画の支援に関する実践的な問題です。遠大な目標を達成するためには、それを具体的な行動に落とし込むことが重要です。特に、達成可能で測定可能な小さな目標（スモールステップ）に分解し、短期・中期・長期の計画を立てることは、クライエントが目標達成への道筋を明確に描き、モチベーションを維持する上で非常に効果的な支援です。クライエントと「一緒に検討した」という協働的な姿勢も、キャリアコンサルティングの基本に沿っており、最も適切な対応です。,技能,28
28-45,方策の実行に関する次の記述のうち、最も適切なものはどれか。,応用行動分析に基づくならば、「仕事を探す気が起きない」と訴える求職者に対しては、「やる気がでない」ことの感情に焦点を当て、気持ちの整理や考え方の変容につながる介入を行う。,クライエント中心療法に基づくならば、「事務職を希望する」と話す求職者に対しては、職業ハンドブックなどに掲載される各種の事務職の特徴を解説し、具体的な求人を絞りこんで求職者に提示し、選んでもらう。,精神分析理論に基づくならば、「上司がどうしても好きになれない」と訴える求職者に対しては、過去の経験よりも未来のありたい姿に向けて検討してもらう。,認知行動的アプローチに基づくならば、「社会人としてやっていけるか不安である」と訴える大学生に対しては、不安が生じる自動思考を明確にし、より適切な思考を検討させる。,4,主要なカウンセリング理論と、それに基づく介入方法の理解を問う問題です。認知行動的アプローチでは、ある出来事そのものではなく、その出来事をどう捉えるか（認知）が感情や行動に影響を与えると考えます。したがって、「社会人としてやっていけるか不安」という感情の背景にある、非合理的な、あるいは根拠の乏しい考え（自動思考）を特定し、それをより現実的で適応的な考えに変えていくことを支援します。この記述は、認知行動的アプローチの基本的な介入プロセスを的確に示しています。,技能,28
28-46,方策の実行後の支援に関する次の記述のうち、最も適切なものはどれか。,目標の達成に向けた方策の実行後はクライエントの主体性に任せ、相談期間中であってもキャリアコンサルタントから進捗状況の確認を行うことは避けるべきである。,方策を実行した結果、目標を達成できなかった場合でも、目標は変えず、当初の計画どおりに実行できるように支援を行うことが望ましい。,目標が達成された場合でもすぐに支援を終了するのではなく、達成までのプロセスを振り返らせたり、未達成の項目がないか確認したりするなど、フォローアップを行うことが望ましい。,クライエントが新たな職場に就職したあとは本人の自立を促すため、クライエントから連絡があっても安易に応じるべきではない。,3,キャリアコンサルティングプロセスの終結期におけるフォローアップの重要性に関する問題です。目標達成はゴールであると同時に、クライエントにとって重要な成功体験です。そのプロセスを振り返ることで、クライエントは自身の強みや課題解決能力を再認識し、自己効力感を高めることができます。これが今後のキャリア自律につながります。したがって、すぐに支援を終了するのではなく、学びを定着させるためのフォローアップを行うことが望ましい対応です。,技能,28
28-47,「職場における学び・学び直し促進ガイドライン」(厚生労働省、令和4年6月)で示された、キャリアコンサルタントの推奨される取り組み例に関する次の記述のうち、最も適切なものはどれか。,キャリアコンサルタントが、学び・学び直しを行う労働者に対して、定期的な声かけや相談支援等により、学び・学び直しが進んでいるかを確認する仕組みを導入する。,学び・学び直しの継続に支障をきたしている者には、管理職等の現場リーダーが重点的に指導するのがよく、キャリアコンサルタントによる支援は行わないほうが良い。,「ジョブクラフティング」は、労働者が学び・学び直しを前向きに捉え直す有効な手法であり、よく訓練されたキャリアコンサルタントに限定した活用が想定されている。,キャリアコンサルタントは、企業と協働することなく、独自に学び・学び直しに関する支援策等の制度を積極的に推進する役割と実力が求められている。,1,企業内キャリアコンサルタントの役割に関する問題です。同ガイドラインでは、キャリアコンサルタントが労働者の主体的な学びを支援するために、組織的な仕組みを構築し、積極的に関与することを推奨しています。定期的な面談や声かけによって学習の進捗を確認し、モチベーション維持を支援することは、その具体的な取り組み例として挙げられており、最も適切な記述です。他の選択肢は、管理職との連携否定、ジョブクラフティングの限定的活用、企業との非協働など、ガイドラインの趣旨に反する内容となっています。,技能,28
28-48,セルフ・キャリアドック実施後の結果や、結果を活かした環境への働きかけに関する次の記述のうち、適切なものの組み合わせはどれか。\nA. キャリアコンサルティング面談で組織的・全体的な課題の傾向を把握したが、セルフ・キャリアドックはあくまで個人面談の記録が主体なので、組織的な課題は除外して全体報告書を作成した。\nB. キャリアコンサルティング面談を行った社員だけでなく、その上司にもキャリア意識や仕事ぶりに変化が出たかどうかを定期的にモニターし、フォロー策や翌年度の改善を検討した。\nC. 同じ階層の社員にキャリアコンサルティング面談を行ったところ、特定の職種で同じような検討課題が出たため、人事部門と協働して改善策を講じ、またその経緯を経営層から発信するように働きかけた。\nD. キャリアコンサルティング面談の後に、対象社員の上司から「私からもアドバイスしたい」という熱心な申し出があったので、本人の同意は得ず面談内容や見立てをすべて共有した。,AとB,BとC,CとD,AとC,2,セルフ・キャリアドックの組織への働きかけと倫理に関する問題です。セルフ・キャリアドックは、個人のキャリア自律支援と、組織の活性化を結びつける取り組みです。したがって、面談後の個人の変化を上司も巻き込んでフォローし、次年度の計画に活かすこと（B）、そして個人面談から見えてきた組織的な課題を人事部門や経営層と共有し、制度改善等に繋げること（C）は、まさに期待される効果的な活用法です。Aは組織的課題の無視、Dは守秘義務違反であり、いずれも不適切です。,技能,28
28-49,キャリアコンサルタントの自己研鑽に関する次の記述のうち、最も不適切なものはどれか。,キャリアコンサルタントの質的向上のためには、テクニカルスキルに加え、プロフェッショナルとしての自覚と責任や倫理といった、職業人としての人間的な資質の向上も重要である。,企業内キャリアコンサルタントは、人事部門との連携・協働、組織への働きかけに必要な知識・技能を学ぶ必要がある。,キャリアコンサルタントとしてのキャリアの初期段階では、定期的にスーパービジョンを受けるべきであるが、経験を積んだ後は、スーパービジョンを受ける必要はない。,国家資格試験に合格・登録した後も、多様な、そして現実的な状況に対応できるよう、継続的学びによる資質向上と経験の蓄積が必要不可欠となる。,3,キャリアコンサルタントの倫理と自己研鑽に関する問題です。スーパービジョンは、初心者だけのものではありません。経験を積んだキャリアコンサルタントにとっても、自身の面談を客観的に振り返り、専門家としての質を維持・向上させるため、また困難なケースへの対応を検討するため、あるいはバーンアウトを防ぐためにも、継続的に受けることが重要とされています。「経験を積んだ後は、スーパービジョンを受ける必要はない」という記述は、専門職としての継続的な自己研鑽の重要性を軽視しており、不適切です。,倫理と行動,28
28-50,キャリアコンサルティングにおける多重関係に関する次の記述のうち、最も不適切なものはどれか。,キャリアコンサルタントとクライエントの関係が、「職場での上司と部下」等、専門家とそれ以外の役割関係と重なっている状況は、多重関係と呼ばれる。,多重関係の弊害としては、キャリアコンサルタントークライエント関係における中立性や客観性が侵され、利害の対立や個人的な意見が絡む恐れがあることが挙げられる。,多重関係は専門家であるキャリアコンサルタントへのリスクをもたらすが、クライエント側からは自己開示がしやすくなる。,以前から知っている人をクライエントとして受け入れた場合は、キャリアコンサルタントが予断や偏見を持ってしまう可能性がある。,3,キャリアコンサルタントの倫理規定の中でも特に重要な「多重関係」に関する問題です。多重関係は、キャリアコンサルタントの客観性を損ない、クライエントとの間に利害対立を生む可能性があるため、原則として避けるべきとされています。クライエント側にとっては、もう一方の関係性（例：上司、友人）を気にするあまり、かえって本音を話しにくくなる（自己開示がしにくくなる）ことが懸念されます。「自己開示がしやすくなる」という記述は、多重関係がもたらす心理的抑制とは逆であり、不適切です。,倫理と行動,28
29-1,「大企業で働く若手・中堅社員のキャリア形成に関する意識調査」(公益財団法人産業雇用安定センター、2024年)で示された副業や兼業、企業間交流型出向に関する次の記述のうち、最も適切なものはどれか。,転職等に関する考え方として、「今の会社に定年までいたい」と答えた人は全体の約7割を占めている。,「将来のキャリアのために『副業・兼業』を経験したいか」という質問に対し、「積極的に経験したい」、「希望する企業・部署等であれば経験したい」と答えた人は合わせると約7割を占めている。,「今の会社に定年までいたい」かつ「役員・管理職まで昇進したい」と答えた人は副業・兼業を経験したくないとする傾向が強く、「『副業・兼業』は経験したくない」と答えた人が約7割を占めている。,「将来のキャリアのために、グループ外の企業との人事交流により他社で働いてみたいか」という質問に対し、技術職では「積極的に希望したい」、「自分の希望する企業、部署等であれば希望したい」と答えた人が合わせて約7割を占めている。,2,大企業で働く若手・中堅社員のキャリア意識に関する調査結果を問う問題です。選択肢2は、公益財団法人産業雇用安定センターが2024年に発表した「大企業で働く若手・中堅社員のキャリア形成に関する意識調査」の結果に合致しています。この調査では、若手・中堅社員の副業・兼業への関心が高いことが示されており、約7割が経験したいと回答しています。他の選択肢は、調査結果と異なる内容を述べています。,社会的意義,29
29-2,「令和5年度能力開発基本調査 調査結果の概要(事業所調査)」(厚生労働省) で示された、事業所が正社員または正社員以外に対してキャリアコンサルティングを実施する目的に関する次の記述のうち、適切なものはどれか。,「中高年社員の退職後の生活設計や再就職等の支援のため」という回答が、正社員・正社員以外ともに最も多い。,「労働者の自己啓発を促すため」という回答が、正社員・正社員以外ともに半数を下回っている。,「労働者の仕事に対する意識を高め、職場の活性化を図るため」という回答が、正社員・正社員以外ともに最も多い。,「労働者の希望等を踏まえ、人事管理制度を的確に運用するため」という回答が、正社員・正社員以外ともに半数を上回っている。,3,事業所におけるキャリアコンサルティングの実施目的に関する問題です。厚生労働省の「令和5年度能力開発基本調査」によれば、事業所がキャリアコンサルティングを実施する目的として、「労働者の仕事に対する意識を高め、職場の活性化を図るため」という回答が、正社員・正社員以外ともに最も多くなっています。これは、キャリアコンサルティングが個人の成長だけでなく、組織全体の活性化にも寄与するという認識が広がっていることを示しています。,社会的意義,29
29-3,「第2回キャリアコンサルタント登録者の活動状況等に関する調査」(独立行政法人労働政策研究・研修機構、2023年)で示された、キャリアコンサルタントが対応した相談の内容に関する次の記述のうち、最も適切なものはどれか。,キャリアコンサルタントが直近1年間で受けた相談で最も多いのは、「職場の人間関係」である。,キャリアコンサルタントが対応が難しいと感じた相談で最も多いのは、「将来設計・進路選択」である。,「企業」を主な活動の場にしているキャリアコンサルタントが応じる相談で最も多いのは、「現在の仕事・職務の内容」である。,「学校・教育機関」を主な活動の場としているキャリアコンサルタントが応じる相談で最も多いのは、「職業適性・自己分析」である。,3,キャリアコンサルタントの相談内容に関する問題です。独立行政法人労働政策研究・研修機構の「第2回キャリアコンサルタント登録者の活動状況等に関する調査」によれば、「企業」を主な活動の場としているキャリアコンサルタントが応じる相談で最も多いのは「現在の仕事・職務の内容」であることが示されています。これは、企業内キャリアコンサルティングが、従業員の現在の業務遂行や職務内容に関する課題解決に重点を置いていることを反映しています。,社会的意義,29
29-4,"ホール (Hall, D. T.) の提唱したプロティアン・キャリアに関する次の記述のうち、最も不適切なものはどれか。",アダプタビリティには能力やコンピテンシーが含まれ、動機づけは含まれない。,アイデンティティは、自分の価値観・興味・能力・計画についての認識の程度と、過去・現在・将来の自己概念が統合されている程度から構成される。,適応コンピテンスと適応モチベーションのいずれかがゼロになれば、アダプタビリティもゼロになる。,プロティアン・キャリアにはアイデンティティとアダプタビリティの2つのメタ・コンピテンシーが必要である。,1,プロティアン・キャリア理論に関する問題です。プロティアン・キャリアにおける「アダプタビリティ（適応性）」は、変化する環境に適応していく能力を指し、その構成要素には、自己を変化させるための「能力やコンピテンシー」だけでなく、変化に対応しようとする「動機づけ」も含まれます。したがって、「動機づけは含まれない」という記述は不適切です。,知識と理論,29
29-5,"ハーズバーグ (Herzberg, F.) が提唱した職務満足の理論に関する次の文章のうち、( ) に入る語句として、最も適切なものはどれか。\n職務満足や不満足を規定する要因は2つあり、1つは ( ) 要因で満足感との関係が強く、もう1つは衛生要因で不満足と関連する。",自律,動機づけ,報奨,成長,2,ハーズバーグの二要因理論に関する問題です。ハーズバーグは、職務満足と職務不満足はそれぞれ異なる要因によって引き起こされると考えました。職務満足に関係する要因を「動機づけ要因（または満足要因）」、職務不満足に関係する要因を「衛生要因（または不満足要因）」と名付けました。動機づけ要因には、達成、承認、仕事そのもの、責任、昇進、成長などが含まれます。したがって、空欄には「動機づけ」が入ります。,知識と理論,29
29-6,"バンデューラ (Bandura, A.) が提唱した社会的学習理論に関する次の文章のうち、( ) に入る記述として、最も適切なものはどれか。\n人の行動変容に影響を与える2つの予期機能とは、ある行動がどのような結果をもたらすかという「結果予期」と、( )である。",ある結果を生み出すために必要な行動をどの程度うまくできるかという「効力予期」,ある行動がもたらす変化をどの程度期待しているかという「期待予期」,ある行動によって自分がどの程度成長できるかという「成長予期」,ある行動の結果によってどの程度の報酬が得られるかという「報酬予期」,1,バンデューラの社会的学習理論（社会的認知理論）に関する問題です。バンデューラは、行動変容に影響を与える2つの予期機能として、「結果予期（outcome expectancy）」と「効力予期（efficacy expectancy）」を提唱しました。結果予期は「ある行動がどのような結果をもたらすか」という予測であり、効力予期は「ある結果を生み出すために必要な行動を、自分自身がどの程度うまく実行できるか」という自己の能力に対する確信を指します。したがって、空欄には「ある結果を生み出すために必要な行動をどの程度うまくできるかという「効力予期」」が入ります。,知識と理論,29
29-7,"ホランド (Holland, J. L.) の職業興味の6類型に関する次の記述のうち、適切なものはどれか。",機械や物体を対象とする具体的で実際的な仕事や活動の領域を、現実的職業領域(Realistic)とよぶ。,創造的な自己表現や視覚芸術に関連する仕事や活動の領域を、創造的職業領域(Creative)とよぶ。,農業、酪農、園芸などの自然や実践的な作業に関連する仕事や活動の領域を、農業的職業領域(Agricultural)とよぶ。,科学的な研究や技術的な実験に関連する仕事や活動の領域を、科学的職業領域(Scientific) とよぶ。,1,ホランドの職業興味の6類型（RIASEC）に関する問題です。選択肢1の「機械や物体を対象とする具体的で実際的な仕事や活動の領域」は、ホランドの6類型における「現実的（Realistic）」タイプの典型的な特徴を正確に記述しています。他の選択肢は、ホランドの類型における名称や内容と一致しません。例えば、創造的な自己表現は芸術的（Artistic）、科学的な研究は研究的（Investigative）に該当します。,知識と理論,29
29-8,"マーシャ (Marcia, J. E.) が示したアイデンティティ・ステイタスの「予定アイデンティティ、早期完了(foreclosure)」 に関する次の記述のうち、最も適切なものはどれか。",幼児期からのあり方について確信がなくなり、いくつかの可能性について本気で考えた末、自分自身の解決に達して、それに基づいて行動している。,危機前は今まで本当に何者かであった経験がないので、何者かである自分を想像することが不可能だが、危機後はすべてのことが可能だし可能なままにしておかなければならない。,自分の目標と親の目標の間に不協和がなく、どんな体験も、幼児期以来の信念を補強するだけになっており、硬さ(融通のきかなさ)が特徴である。,いくつかの選択肢について迷っているところで、その不確かさを克服しようと一生懸命努力している。,3,マーシャのアイデンティティ・ステイタスに関する問題です。「予定アイデンティティ（早期完了）」は、アイデンティティの危機を経験することなく、親や周囲の価値観、目標をそのまま受け入れている状態を指します。この状態の人は、自分の選択について深く探求したり、他の選択肢を検討したりすることが少ないため、柔軟性に欠ける「硬さ」が特徴とされます。したがって、選択肢3が最も適切です。,知識と理論,29
29-9,"クランボルツ (Krumboltz, J. D.) のキャリア理論に関する次の記述のうち、最も適切なものはどれか。",合理的な推論を行いマッチングするための方法として、具体的な行動をとることを学ぶようにする。,ライフ・ストーリーに織り込まれた意味を明らかにする方法として、継続的な行動をとることを学ぶようにする。,自分の客観的な評価と選択肢がマッチするかを予測するための方法として、連続的な行動をとることを学ぶようにする。,予定外の有益な出来事を生み出す方法として、探索的な行動をとることを学ぶようにする。,4,クランボルツの計画的偶発性理論（Planned Happenstance Theory）に関する問題です。この理論は、キャリアの8割が予期せぬ出来事によって形成されるという考えに基づき、その偶発的な出来事を積極的に活用し、自らのキャリアを創造していくための行動（探索的行動）の重要性を説いています。したがって、選択肢4が最も適切です。,知識と理論,29
29-10,カウンセリングの理論や心理療法の名称とキーワードに関する次の記述のうち、組み合わせとして最も適切なものはどれか。,精神分析・・・「今、ここ」での気づき,来談者中心療法・不合理な信念,交流分析・・・ゲーム,論理療法・・・成長への意思,3,カウンセリング理論とキーワードの組み合わせに関する問題です。交流分析では、人が無意識のうちに繰り返してしまう、心理的な駆け引きを「ゲーム」と呼び、その分析を通じて自己理解を深め、より健全な人間関係を築くことを目指します。したがって、選択肢3が最も適切な組み合わせです。他の選択肢は、キーワードが別の理論に属しています（例：「今、ここ」での気づきはゲシュタルト療法、不合理な信念は論理療法）。,知識と理論,29
29-11,精神分析の「逆転移」についての説明に関する次の記述のうち、最も適切なものはどれか。,分析者の介入や解釈によって、患者が「ああ、そうだったのか」と、感情を込めて気づきが生じることである。,患者の過去のある時点での欲動や感情が、分析者に対して移しかえられてくることである。,分析者が、患者の連想をとおして、患者の無意識で生じている出来事の意味や、その理由を理解することである。,患者が向けてきた感情や態度への、分析者の側に生じてくる無意識な反応である。,4,精神分析における「逆転移」に関する問題です。逆転移とは、分析者（カウンセラー）が、患者（クライエント）から向けられた感情や態度に対して、自身の過去の経験や無意識の感情が刺激され、生じる無意識的な反応を指します。これは、カウンセラー自身の感情や思考がカウンセリングに影響を与える可能性があるため、自己理解と管理が重要とされます。選択肢2は「転移」の説明です。,知識と理論,29
29-12,教育訓練給付制度に関する次の記述のうち、最も適切なものはどれか。,教育訓練給付制度は、内閣総理大臣が指定する教育訓練を修了した際に、その受講費用の一部が支給される制度である。,対象となる教育訓練の給付率は、訓練の種類に応じて2~5割となっている。,教育訓練給付の指定となる訓練講座は、資格取得を目標とする講座やデジタル関係の講座のみであり、大学院における修士課程は対象とならない。,失業状態にある人が初めて専門実践教育訓練を受講する場合、一定の要件を満たせば、教育訓練給付金に加えて、教育訓練支援給付金が支給される。,4,教育訓練給付制度に関する問題です。教育訓練給付金は、雇用保険の被保険者期間など一定の要件を満たす人が、厚生労働大臣が指定する教育訓練を修了した場合に、受講費用の一部が支給される制度です。特に、専門実践教育訓練については、失業状態にある人が初めて受講する場合、一定の要件を満たせば、教育訓練給付金に加えて、生活費を支援する「教育訓練支援給付金」が支給されることがあります。したがって、選択肢4が最も適切です。,知識と理論,29
29-13,セルフ・キャリアドックに関する次の記述のうち、最も適切なものはどれか。,新入社員のみを対象としており、キャリアを蓄積しているベテラン社員や管理職には適用されない。,短期的な業績向上を目的とし、長期的なキャリア形成は重視されない。,企業の人事評価を行うための制度である。,労働者が定期的に自身のキャリアを振り返り、キャリア形成を支援するための仕組みである。,4,セルフ・キャリアドックに関する問題です。セルフ・キャリアドックは、企業が従業員のキャリア形成を支援するために、定期的にキャリアコンサルティングの機会を提供し、従業員が自身のキャリアを自律的に考えることを促す仕組みです。対象は新入社員に限定されず、全従業員が対象となり得ます。また、短期的な業績向上だけでなく、長期的な視点でのキャリア形成を重視します。人事評価とは別の制度であり、個人の内省と成長を支援するものです。したがって、選択肢4が最も適切です。,社会的意義,29
29-14,「職場における学び・学び直し促進ガイドライン」(厚生労働省、令和4年)および「職場における学び・学び直し促進ガイドライン別冊」(厚生労働省、令和7年改訂)に関する次の記述のうち、最も不適切なものはどれか。,労働者の自律的・主体的かつ継続的な学び・学び直しが重要であり、労使の協働が必要とされている。,企業が計画した研修を定期的に受けていれば、個人による主体的な学び直しは不要である。,企業は、労働者の学び・学び直しを促進するため、職務に必要な能力・スキルの明確化や、教育訓練プログラムの提供を行うことが推奨されている。,公的な支援策として、職業能力評価基準やジョブ・カードの活用が推奨されている。,2,「職場における学び・学び直し促進ガイドライン」に関する問題です。このガイドラインは、労働者が生涯にわたって学び・学び直しを継続し、自律的にキャリアを形成していくことの重要性を強調しています。企業が提供する研修は重要ですが、それだけで個人の主体的な学び直しが不要になるわけではありません。むしろ、企業は個人の主体的な学び直しを支援する環境を整備することが求められています。したがって、「個人による主体的な学び直しは不要である」という記述は不適切です。,社会的意義,29
29-15,「第11次職業能力開発基本計画」(厚生労働省、令和3年)に関する次の記述のうち、最も不適切なものはどれか。,職業能力評価において、業界や職種を横断した評価基準よりも、各企業が独自に評価基準を設けることが重視されている。,IT化、デジタル化の進展に対応したIT・デジタル人材の育成が重点施策に含まれている。,労働者のリスキリング (継続的な学び)と主体的なキャリア形成への支援が、重要な人材育成支援戦略として位置付けられている。,非正規雇用労働者、女性、若者、高齢者、障害者、外国人など多様な人々に対する職業能力開発支援が含まれている。,1,「第11次職業能力開発基本計画」に関する問題です。この計画では、業界や職種を横断した共通の評価基準（職業能力評価基準など）を活用し、個人の職業能力を客観的に「見える化」することの重要性が強調されています。これにより、企業間の人材移動やキャリア形成が円滑になることが期待されています。したがって、「各企業が独自に評価基準を設けることが重視されている」という記述は不適切です。,社会的意義,29
29-16,雇用関係助成金に関する次の記述のうち、最も適切なものはどれか。,キャリアアップ助成金とは、労働者の企業内でのキャリアアップを促進するため、正社員の処遇改善の取組みを実施した事業主に対して助成するものである。,人材開発支援助成金(人への投資促進コース)では、海外の大学院を活用して経営に関する分野の訓練等を実施する場合も支給対象となりうる。,トライアル雇用助成金(一般トライアルコース) を活用して労働者を雇い入れた場合、他の助成金は一切併用できない。,両立支援等助成金(出生時両立支援コース)は、育児休暇を取得した男女労働者がいた企業が助成の対象となる。,2,雇用関係助成金に関する問題です。人材開発支援助成金（人への投資促進コース）は、労働者のキャリア形成を支援するための訓練費用などを助成するもので、海外の大学院での訓練も一定の要件を満たせば支給対象となり得ます。これは、高度な専門人材育成を目的としているためです。したがって、選択肢2が最も適切です。他の選択肢は、各助成金の対象や要件について誤った記述が含まれています。,知識と理論,29
29-17,「セルフ・キャリアドック導入の方針と展開」(厚生労働省、平成29年)で示された、セルフ・キャリアドックの実施に関する次の記述のうち、最も適切なものはどれか。,キャリアコンサルタントは、法令違反やハラスメントなどの企業側が組織的に対応すべき内容を把握した場合、原則として相談者の同意を得たうえで企業側へ伝えるべきである。,セルフ・キャリアドックの責任者は、人材育成に関して社内に影響力を有することが重要であるため、人事部門から適任者を選定しなければならない。,セルフ・キャリアドックにおけるキャリア研修は、経験の交流が必要なので、年齢・役割など様々な属性の者を混在させて実施するべきである。,セルフ・キャリアドックにおけるキャリアコンサルティング面談は、業務の問題もあり、長時間をかけず、30分未満とするべきである。,1,セルフ・キャリアドックの実施におけるキャリアコンサルタントの役割と倫理に関する問題です。キャリアコンサルタントは守秘義務を負いますが、法令違反やハラスメントなど、組織として対応が必要な重大な問題が把握された場合、原則として相談者の同意を得た上で、企業側に情報提供し、組織的な改善を促すことが求められます。これは、個人の安全と組織の健全性を守るための重要な役割です。したがって、選択肢1が最も適切です。,倫理と行動,29
29-18,「令和5年度雇用均等基本調査 事業所調査 結果概要」(厚生労働省)で示された、男性の育児休業取得状況に関する次の記述のうち、最も不適切なものはどれか。,令和3年10月からの1年間に配偶者が出産した男性の育児休業取得率は3割を超え、前年度の調査より大きく伸びた。,有期契約労働者の男性の育児休業取得率は、平成24年度以降、年度によって増減はありながらも、おおむね増加傾向にある。,令和4年4月からの1年間に育児休業から復帰した男性の育児休業取得期間が「2週間未満」であった割合は、5年前の平成30年調査からおおよそ半減した。,令和4年4月からの1年間に育児休業から復帰した男性の育児休業取得期間は、「3ヶ月~6ヶ月未満」が最も多くなっている。,4,男性の育児休業取得状況に関する問題です。厚生労働省の「令和5年度雇用均等基本調査」によれば、男性の育児休業取得期間は「5日未満」が最も多く、次いで「5日以上2週間未満」となっており、「3ヶ月～6ヶ月未満」が最も多いという記述は不適切です。男性の育児休業取得率は増加傾向にありますが、取得期間は依然として短い傾向にあります。,知識と理論,29
29-19,近年のわが国の失業率の特徴に関する次の記述のうち、適切なものはどれか。,2022年の日本の失業率はアメリカ、イギリス、カナダ、フランスのいずれの国と比較しても低い。,2022年の日本の15~24歳の失業率は、25~34歳の失業率よりも低い。,日本はアメリカと比べて失業者に占める長期失業者(失業期間1年以上)の割合が、2005年以降、一貫して低い。,日本の完全失業率は、コロナ禍の影響を受けた2021年は年平均で4%を超えたが、2023年以降は、一貫して2%を下回っている。,1,日本の失業率の特徴に関する問題です。OECD（経済協力開発機構）のデータなどを見ると、日本は主要先進国と比較して、失業率が低い水準で推移していることが確認できます。2022年も、アメリカ、イギリス、カナダ、フランスといった国々と比較して、日本の失業率は低い傾向にありました。したがって、選択肢1が適切です。,社会的意義,29
29-20,近年のわが国の賃金の動向に関する次の記述のうち、適切なものはどれか。,日本の男女間賃金格差は2010年代に入って以降、縮小傾向がみられる。,2022年における、雇用形態間賃金格差を男女別にみると、男性の方が正社員・正職員と正社員・正職員以外の賃金格差が小さい。,2021年における、日本のフルタイム労働者の男女間賃金格差は、アメリカよりも小さい。,2022年における、わが国の女性の企業規模別賃金格差をみると、大企業と中小企業の差異はほとんどみられない。,1,日本の賃金動向に関する問題です。厚生労働省の賃金構造基本統計調査などを見ると、日本の男女間賃金格差は、長期的に見れば縮小傾向にあります。特に2010年代に入って以降も、その傾向は継続しています。これは、女性の労働参加率の向上や、同一労働同一賃金原則の浸透などが背景にあると考えられます。したがって、選択肢1が適切です。,社会的意義,29
29-21,「令和6年版労働経済の分析」(厚生労働省)で述べられた、無業者(潜在労働力)の状況に関する次の記述のうち、最も適切なものはどれか。,無業者のうち、就業希望のない無業者(在学者を除く)は、就業希望はあるが求職活動をしていない無業者よりも人数が多い。,男女とも 59歳以下の約4割が、「出産・育児・介護・看護・家事のため」に就業希望のない無業者となっている。,就業希望はあるが求職活動をしていない無業者の、求職活動を行っていない理由として最も多いものは、「希望する仕事がありそうにない」である。,就業希望はあるが求職していない無業者を年齢別にみると、男女とも 「59歳以下」よりも、「60~69歳」の人数が多い。,1,無業者（潜在労働力）の状況に関する問題です。厚生労働省の「労働経済の分析」によれば、就業希望のない無業者（在学者を除く）の人数は、就業希望はあるが求職活動をしていない無業者（潜在労働力人口）よりも多いとされています。これは、様々な理由から就業を希望しない人が一定数存在することを示しています。したがって、選択肢1が最も適切です。,社会的意義,29
29-22,育児・介護休業法に関する次の記述のうち、誤っているものはどれか。,労働者本人または配偶者の妊娠・出産等を申し出た労働者に対して、事業主は育児休業制度等に関する個別周知と意向確認を行わなければならない。,有期雇用労働者については、育児休業の取得要件として「引き続き雇用された期間が1年以上」が定められている。,子を養育する男性労働者等は、申出により子の出生後8週間以内に4週間まで出生時育児休業を取得することができる。,育児休業は、1人の子について2回まで分割して取得することができる。,2,育児・介護休業法に関する問題です。2022年4月1日の法改正により、有期雇用労働者の育児休業取得要件から「引き続き雇用された期間が1年以上」という要件が撤廃されました。これにより、有期雇用労働者も無期雇用労働者と同様に、原則として育児休業を取得できるようになりました。したがって、選択肢2は誤りです。,知識と理論,29
29-23,雇用・採用時のルールに関する次の記述のうち、適切なものはどれか。,企業には採用の自由があるため、求職者に対し、面接時に特定政党を支持しているか否か尋ねることは、厚生労働省等が推進する「公正採用選考」に反しない。,面接において「上司や同僚と意見が合わない場合にどうするか」、などの問題解決能力を問うことは、厚生労働省等が推進する「公正採用選考」に反しない。,求人の内容の説明募集また採用にかかる情報の提供について、男女で異なる取扱いをすることは、男女雇用機会均等法に違反しない。,採用基準が複数ある場合には、その中に身長・体重・体力要件が入っていても、一切間接差別にあたらない。,2,雇用・採用時のルール、特に公正採用選考に関する問題です。面接において、職務遂行能力や適性を判断するために、具体的な状況設定（例：「上司や同僚と意見が合わない場合にどうするか」）を通じて、問題解決能力や対人関係能力を問うことは、厚生労働省が推進する「公正な採用選考の基本」に反しません。これは、応募者の能力や資質を客観的に評価するための質問であり、応募者の基本的人権を侵害するものではないためです。したがって、選択肢2が適切です。,倫理と行動,29
29-24,労働基準法上の労働時間・休憩・休日に関する次の記述のうち、最も適切なものはどれか。,行政解釈によれば、同一事業主のみならず事業主を異にする事業場において労働する場合にも、労働時間は通算して計算する。,使用者は、1日の労働時間が12時間を超える場合には、少なくとも2時間の休憩時間を労働時間の途中に与えなければならない。,事業場の労働者の過半数で組織する労働組合がある場合において、使用者がその労働組合といわゆる 36協定を締結し、これを行政官庁に届け出た場合には、その協定の効力は当該組合の組合員である労働者にのみ適用される。,使用者は、労働者に対して毎週少なくとも1日の休日を与えなければならず、ある特定の4週間のなかの任意の4日について休日を与えるという方法は認められていない。,1,労働基準法上の労働時間に関する問題です。労働基準法第38条では、労働時間は事業場を異にする場合でも通算するとされており、行政解釈では、同一の事業主だけでなく、事業主が異なる場合でも、実質的に労働者が労働していると認められる時間は通算して計算すべきとされています。これは、労働者の健康保護の観点から、実労働時間を正確に把握するためです。したがって、選択肢1が最も適切です。,知識と理論,29
29-25,労働者派遣法に関する次の記述のうち、誤っているものはどれか。,派遣元事業主は、派遣労働者の待遇について、派遣先の一般労働者との均等・均衡待遇、または派遣元での一定の要件を満たす労使協定による待遇、のいずれかを確保することが義務づけられている。,派遣元事業主によるグループ企業への労働者派遣は、不当な労働条件の切り下げの手段として用いられないように総労働時間ペースで制限されている。,ある企業を離職した労働者を、離職後1年以内に同企業が派遣労働者として受け入れることは、60歳以上の定年により退職した者を除き、禁止されている。,派遣就業終了後の職業紹介を予定した「紹介予定派遣」も、派遣先による派遣労働者の事前面接は禁止されている。,4,労働者派遣法に関する問題です。「紹介予定派遣」は、派遣期間終了後に派遣労働者を直接雇用することを前提とした派遣形態です。この場合、派遣先企業は、派遣期間が始まる前に派遣労働者の「事前選考」を行うことが認められており、面接もその一環として実施可能です。これは、通常の労働者派遣とは異なり、将来の直接雇用を前提としているため、例外的に認められています。したがって、「事前面接は禁止されている」という記述は誤りです。,知識と理論,29
29-26,小学校学習指導要領・中学校学習指導要領(文部科学省、平成29年告示)、および高等学校学習指導要領(文部科学省、平成30年告示)において示された、教育課程全体や各教科などの学びを通じて育むべき資質・能力に関する次の記述のうち、最も不適切なものはどれか。,学びに向かう力・人間性,社会情緒的能力,知識・技能,思考力・判断力・表現力,2,学習指導要領における資質・能力の三つの柱に関する問題です。現行の学習指導要領では、教育課程全体や各教科を通じて育むべき資質・能力として、「何を理解しているか、何ができるか（知識・技能）」、「理解していること・できることをどう使うか（思考力・判断力・表現力等）」、「どのように社会・世界と関わり、よりよい人生を送るか（学びに向かう力・人間性等）」の三つの柱が示されています。「社会情緒的能力」は、これらのいずれかの要素に含まれる概念ですが、直接的に三つの柱の一つとして明記されているものではありません。したがって、選択肢2が最も不適切です。,知識と理論,29
29-27,中学校の職場体験前後で「職業レディネス・テスト」を活用する場合に期待される効果に関する次の記述のうち、最も不適切なものはどれか。,仕事内容への興味や仕事内容への自信度などの結果をもとに、興味と自信についてプロフィールを分析することで、生徒自身の自己理解が促進される。,「プロフィールを見ながら職業や仕事を考えよう」という個人ワークに取り組むことによって、世の中には多くの職業があるということに気づき、職業への興味・関心を高めるきっかけとなることが期待される。,生徒は自己の適性についての理解を深めることができ、教員は、生徒がその適性に沿った職業に興味・価値観を合わせるよう導く。,職業レディネス・テストの結果をもとにグループワークをすることで、したいこと、自信のあることは人によって違っていて、生徒は一人ひとりに個性があることに気づくことが期待できる。,3,職業レディネス・テストの活用とキャリア教育の原則に関する問題です。キャリア教育においては、生徒が自身の興味、適性、価値観を自律的に探求し、多様な選択肢の中から自己に合ったものを見つけることを支援することが重要です。教員が「生徒がその適性に沿った職業に興味・価値観を合わせるよう導く」という記述は、生徒の自律性を尊重せず、特定の方向へ誘導する姿勢を示しており、キャリア教育の理念に反するため不適切です。,技能,29
29-28,「令和5年度学校基本調査」(文部科学省)における高等学校等卒業者の進学率(過年度卒を含む)に関する次の記述のうち、最も不適切なものはどれか。,高等教育機関(大学(学部)・短期大学(本科)入学者、高等専門学校4年在学者及び専門学校入学者)への進学率は、前年度よりも増加して過去最高であった。,専門学校進学率は、前年度よりも増加して過去最高であった。,短期大学(本科) 進学率は、平成6年度のピーク後は低下傾向で推移している。,大学(学部) 進学率は、前年度よりも増加して過去最高であった。,2,「令和5年度学校基本調査」における進学率の動向に関する問題です。文部科学省の調査結果によれば、高等教育機関全体、および大学（学部）への進学率は増加傾向にあり、過去最高を記録しています。しかし、専門学校進学率は、前年度比で増加はしているものの、過去最高ではありません。短期大学（本科）進学率は、長期的に低下傾向にあるのは事実です。したがって、選択肢2が最も不適切です。,社会的意義,29
29-29,「改訂 心の健康問題により休業した労働者の職場復帰支援の手引き」(厚生労働省、2024年)で述べられた、メンタルヘルス不調により休業した社員の職場復帰に関する次の記述のうち、最も不適切なものはどれか。,休業する社員に対して、人事労務管理スタッフ等が傷病手当金などの経済的な保障や、休業の最長(保障) 期間などの情報提供を行った。,主治医から出された復職可能という診断書だけでは職場で求められる業務が遂行できるか判断しかねたため、産業医が休業した社員の同意を得た上で、主治医から意見の収集を行った。,主治医の職場復帰の可否の判断に基づき、社員自らが最終的な職場復帰の決定を行った。,事業場内産業保健スタッフ等が、職場復帰した社員本人に加え、その上司である管理監督者にも、復帰後の本人の勤務状況および業務遂行の程度について意見を聞いた。,3,メンタルヘルス不調による職場復帰支援に関する問題です。職場復帰の最終的な決定は、主治医の診断、産業医の意見、そして会社の判断を総合的に考慮して行われるべきであり、社員本人の意思だけで決定されるものではありません。特に、安全配慮義務の観点から、会社側が業務遂行能力や職場環境の適合性を判断する必要があります。したがって、「社員自らが最終的な職場復帰の決定を行った」という記述は不適切です。,技能,29
29-30,発達障害者の雇用に際し、職場として配慮すべき事項に関する次の記述のうち、最も不適切なものはどれか。,個々の能力に合わせた作業や新たな作業を組み合わせるなどして、雇用するための職務を創り出すこと。,事業所、障害者双方にきめ細かな人的支援を行うジョブコーチ制度を活用すること。,音や光などに対し、独特で過剰な敏感さを持っている人もいるので、視覚や聴覚、嗅覚面への配慮もすること。,ミスが生じた時は、同じ間違いをしないように、本人が非難されたと感じたとしても、強い口調や大きな声ではっきりと注意すること。,4,発達障害者の雇用における合理的配慮とコミュニケーションに関する問題です。発達障害のある人に対して、ミスを指摘する際に「強い口調や大きな声ではっきりと注意すること」は、本人が過度に刺激を受けたり、萎縮したり、パニックになったりする原因となり、逆効果となる可能性が高いです。本人が非難されたと感じるような態度は避け、冷静かつ具体的に、改善策を提示するようなコミュニケーションが求められます。したがって、選択肢4が最も不適切です。,倫理と行動,29
29-31,キャリアの転機に関する次の記述のうち、最も不適切なものはどれか。,"シュロスバーグ (Schlossberg, N. K.)は、転機に対処するために、Situation(状況)、Self(自己)、Support (支援)、Strategies(戦略) という 「4つの資源」を吟味し、活用することが必要であるとした。","スーパー (Super, D. E.)は、職業的発達段階において、各発達段階の間には、暦年齢にゆるく関連した「移行期」があるとした。","ブリッジズ (Bridges, W.)は、トランジションのプロセスは、「終焉」、「中立圏」を経て、「開始」へ至るとした。","ジェラット (Gelatt, H. B.)は、予期せぬ出来事によってもたらされる「過渡期」が、職業的発達に影響をおよぼしたとした。",4,キャリアの転機に関する理論を問う問題です。ジェラットは、意思決定理論の分野で知られており、キャリアの偶然性や予期せぬ出来事の重要性を指摘しましたが、彼の理論は「過渡期」という用語を主要な概念として用いて、職業的発達に影響を与えるとしたものではありません。予期せぬ出来事の重要性を強調したのは、クランボルツの計画的偶発性理論などがより適切です。したがって、選択肢4が最も不適切です。,知識と理論,29
29-32,「事業場における治療と仕事の両立支援のためのガイドライン」(厚生労働省、令和6年3月)で示された内容に関する次の記述のうち、最も不適切なものはどれか。,就労によって疾病の増悪などが生じないよう、就業場所の変更や労働時間の短縮等の適切な就業上の措置や治療に対する配慮を行うことが就業の前提となる。,疾病を抱える労働者本人が、主治医の指示等に基づき、治療を受けたり服薬をする等、治療や疾病の増悪防止に適切に取り組むことが重要である。,両立支援で必要となる個人情報は、労働安全衛生法に基づく健康診断において把握した場合を除いては、事業者が本人の同意なく取得してはならない。,労働者から申出がない場合、事業主は治療と仕事の両立支援に関して組織としての対策を講じたり取組みを行う必要はない。,4,治療と仕事の両立支援に関するガイドラインの内容を問う問題です。労働者からの申し出がなくても、事業主は労働者の健康状態を把握し、必要に応じて治療と仕事の両立支援に関する情報提供や環境整備を行うことが望ましいとされています。特に、労働安全衛生法に基づく健康管理義務の一環として、事業主には労働者の健康状態を把握し、適切な措置を講じる責任があります。「労働者から申出がない場合、事業主は組織としての対策を講じたり取組みを行う必要はない」という記述は、事業主の積極的な役割を否定しており、不適切です。,倫理と行動,29
29-33,障害特性に応じた雇用支援策に関する次の記述のうち、最も不適切なものはどれか。,精神障害のある人に対し、ハローワークの専門窓口では「精神・発達障害者雇用サポーター」などの専門職員による個々の障害特性に応じたきめ細かな相談支援を行っている。,発達障害のある人に対し、ハローワークでは「精神・発達障害者雇用サポーター」を配置し、個々の障害特性や強みを把握するなど、きめ細かな相談支援を行っている。,ハローワークが精神福祉保健センターとの連携により就労支援を行うには、相談者が障害者手帳を有していることが要件となる。,障害のある人がテレワークによる勤務を行う場合については、トライアル雇用助成金 (障害者トライアルコース) における、原則3ヶ月のトライアル雇用期間を、6ヶ月まで延長可能としている。,3,障害者雇用支援策に関する問題です。ハローワークと精神保健福祉センターの連携による就労支援は、障害者手帳の有無にかかわらず、精神障害や発達障害のある人を対象としています。障害者手帳の取得は必須要件ではありません。支援の対象は、精神的な不調や障害によって就労に困難を抱えている人全般に及びます。したがって、「相談者が障害者手帳を有していることが要件となる」という記述は不適切です。,社会的意義,29
29-34,"アイビイ (Ivey, A. E) のマイクロカウンセリングの技法に関する次の記述のうち、「はげまし」の説明として最も適切なものはどれか。",「ふんふん」、「なるほど」、「そうですか」などの相づちを伴ううなずきや、クライエントが話した言葉の中の重要なキーワードを繰り返すことである。,クライエントの言葉をそのまま繰り返すのではなく、クライエントが話したかったことを聴き手が自分の言葉におきかえて、より適切に表現することである。,クライエントのある程度まとまった話の要点をまとめ、クライエントが話そうとしたことを簡潔に表現することである。,クライエントが話したことの中で、感情にかかわる部分に焦点をあて、クライエントが使った感情的な言葉を繰り返したり、話し手の感情を聴き手が自分の言葉で適切に表現することである。,1,マイクロカウンセリングの技法である「はげまし」に関する問題です。「はげまし」とは、クライエントの語りを促し、継続させるための基本的な技法であり、相づち、うなずき、アイコンタクト、そしてクライエントの言葉の重要なキーワードを繰り返すことなどが含まれます。これにより、クライエントは「聞いてもらっている」と感じ、安心して話を続けることができます。したがって、選択肢1が最も適切です。,技能,29
29-35,クライエント中心療法の基本概念に関する次の記述のうち、最も不適切なものはどれか。,実現傾向(actualizing tendency)は、個人を維持し、強化する方向に全能力を発展させようとする個人に内在する傾向である。,カウンセラーがクライエントの感情に注意を払い、その要素に応答すると、クライエントは深く理解されていると感じて満足を覚える。,クライエントの生き方や判断に誤りがあれば、クライエントの意思を尊重しつつ、カウンセラーが正しい方向へ導くようにする。,人が最高に実現された状態を「十分に機能する人間」とよび、セラピーの目標とした。,3,クライエント中心療法の基本概念に関する問題です。クライエント中心療法では、カウンセラーはクライエントの自己決定権を最大限に尊重し、クライエント自身が解決策を見つけ出す力を信じます。カウンセラーが「正しい方向へ導く」という姿勢は、この療法の非指示的な原則に反します。カウンセラーは、共感的理解、無条件の肯定的配慮、自己一致という三つの基本的態度を通じて、クライエントの自己成長力を引き出すことを目指します。したがって、選択肢3が最も不適切です。,知識と理論,29
29-36,グループワークを実践する際に留意するべきことに関する次の記述のうち、最も適切なものはどれか。,グループワークの前に行うオリエンテーションにおいて、何のために行い、何を目指すのかを示すのがよい。,インストラクションはできるだけ長く、丁寧に行うことがよい。,参加者が評価への抵抗を示している場合は、説得、叱責、激励などの言語的な方法で解決するのがよい。,参加者の挨拶に元気がないのは悪いことなので、「もっと元気にあいさつしましょう」と励ますのがよい。,1,グループワークの実践における留意点に関する問題です。グループワークを効果的に進めるためには、参加者がその目的や進め方を理解し、安心して参加できる環境を整えることが不可欠です。そのため、開始前のオリエンテーションで、ワークの目的、目標、期待される成果、ルールなどを明確に伝えることは非常に重要です。これにより、参加者は安心して活動に取り組むことができます。したがって、選択肢1が最も適切です。,技能,29
29-37,ジョブ・カードの作成支援に関する次の記述のうち、最も適切なものはどれか。,ジョブ・カードの作成支援の主たる目的は、シートの各項目の書き方の説明や、各項目を埋めることである。,相談者が話すことを傾聴し、どうしたいのかをしっかりとキャリアコンサルタントが主体的に判断した上で、記入内容を指示する。,ジョブ・カードにあまり具体的に記入できていない場合は支援が難しいため、すべて記入した上で再度来談するように伝える。,1回の面談で終了せず、継続して複数回にわたって支援を行う場合は、「今日の作成支援を受けてどのような気づきがあったのか」などと問いかけ、面談のまとめを行う。,4,ジョブ・カード作成支援の進め方に関する問題です。ジョブ・カード作成支援は、単に記入を促すだけでなく、相談者が自己理解を深め、キャリアプランを自律的に描けるよう、継続的な対話を通じて支援することが重要です。面談の最後に、その日の気づきや学びを振り返ることは、相談者の内省を促し、次回の面談や今後の行動への意欲を高める上で非常に有効です。したがって、選択肢4が最も適切です。,技能,29
29-38,システマティックアプローチにおける「カウンセリングの成果」の評価に関する次の記述のうち、最も不適切なものはどれか。,成果の端的な基準はカウンセリング目標をクライエントが達成したか否かであるが、これだけの基準では将来を見据えた場合十分とは言えない。,カウンセラー自身による評価は、個人の主観が入りやすいために、評価方法としては不適切である。,クライエントがどのように感じているか、その受け止め方によっても評価される。,スーパーバイザーや他のカウンセラーから自分のケースについて助言をもらうことも、評価する際に役立つ。,2,カウンセリングの成果評価に関する問題です。カウンセリングの成果評価において、カウンセラー自身の視点も重要な要素の一つです。客観性だけでなく、カウンセラーがクライエントとの関わりを通じて何を感じ、何を学んだかという主観的な評価も、支援の質を高める上で意味を持ちます。もちろん、客観的な指標やクライエントの自己評価、スーパーバイザーからのフィードバックなど、多角的な視点から評価することが望ましいですが、「不適切である」と断定する記述は誤りです。,技能,29
29-39,「相談目標の明確化」を行う場面に関する次の記述のうち、キャリアコンサルタントの対応として最も適切なものはどれか。,相談者の「上司にもっと人間的に接してほしい」という主訴を受け、そのまま「上司の行動変容」を目標とした。,相談者の「同僚のAさんの言動を改めさせたい」という主訴に対し、他人を変えることはできないので、専門家として「相談者自身が変化すること」を目標として与えた。,相談者から仕事や職場に対する不満が述べられたので、「仕事や職場がどのようになっていると良いか」を尋ね、相談者の言動を信じてその回答結果を目標とした。,相談者の「仕事をとおして幸福になりたい」という主訴に対して、「どのような自分になっていると幸福か」を尋ね、相談者の思いを確認した上で、目標を設定した。,4,相談目標の明確化に関する問題です。キャリアコンサルティングの目標は、クライエント自身が主体的に達成できるものである必要があります。抽象的な「幸福になりたい」という願望に対し、具体的な「どのような状態であれば幸福と感じるか」をクライエント自身に問いかけ、内省を促すことで、クライエントが自律的に取り組める具体的な目標へと落とし込むことができます。このプロセスは、クライエントの主体性を尊重し、自己理解を深める支援として適切です。,技能,29
29-40,キャリアコンサルティングにおける検査の使用に関する次の記述のうち、最も適切なものはどれか。,クライエントが検査に先入観を持たないよう、検査の目的の説明は検査後に行うようにする。,検査の限界を十分に認識し、目的と対象に応じた妥当性・信頼性の確認された検査を選定する。,検査結果は機微な個人情報なので、クライエントに説明した後、すぐに記録を消去する必要がある。,検査結果の内容によっては、キャリアコンサルタントの判断で結果のフィードバックをしなくてもよい。,2,キャリアコンサルティングにおける心理検査の適切な使用に関する問題です。心理検査はあくまで支援のためのツールであり、その限界（例：絶対的なものではない、その時点での状態を示すなど）を十分に理解した上で使用することが重要です。また、検査の目的やクライエントの特性に合致し、科学的に妥当性・信頼性が確認されている検査を選定することが、適切な支援を行う上で不可欠です。したがって、選択肢2が最も適切です。,倫理と行動,29
29-41,職業情報提供サイト (job tag) を活用した仕事理解の支援に関する次の記述のうち、最も適切なものはどれか。,job tag は職業情報提供サイトなので、自己診断ツールは掲載されていない。,job tag では500以上の職業情報が文章や動画形式で解説されているため、相談者が主体的に職業を探す際のツールとして活用できる。,job tag には求人情報が掲載されており、興味がある職業があれば直接企業に連絡できる仕組みとなっている。,job tag は社会人向けに作られており、職業経験のない大学生のキャリア教育やキャリア支援で使用することは難しい。,2,職業情報提供サイト（job tag）の活用に関する問題です。job tagは、厚生労働省が運営する公的な職業情報サイトであり、多岐にわたる職業に関する詳細な情報（仕事内容、必要な能力、関連資格、労働条件など）を文章や動画で提供しています。これにより、利用者が自身の興味や関心に基づいて主体的に職業を探索し、理解を深めることを支援します。したがって、選択肢2が最も適切です。,技能,29
29-42,「中学校職場体験ガイド」(文部科学省、平成17年)で示された、職場体験の教育的意義に関する次の記述のうち、最も不適切なものはどれか。,望ましい勤労観、職業観の育成,啓発的経験と進路意識の伸長,社会の構成員として共に生きる心を養い、社会奉仕の精神の涵養,自律的主体的かつ継続的な学び・学び直し,4,中学校の職場体験の教育的意義に関する問題です。「中学校職場体験ガイド」では、職場体験の教育的意義として、望ましい勤労観・職業観の育成、啓発的経験と進路意識の伸長、社会の構成員としての意識の涵養などが挙げられています。しかし、「自律的・主体的かつ継続的な学び・学び直し」は、職場体験そのものの直接的な意義というよりも、生涯学習やリカレント教育といった、より広範なキャリア形成の概念に含まれる要素です。職場体験を通じてこれらの意識が育まれる可能性はありますが、直接的な教育的意義として明記されているわけではないため、最も不適切と判断されます。,社会的意義,29
29-43,システマティックアプローチにおける意思決定に関する次の記述のうち、最も適切なものはどれか。,相談者が今後の選択肢を広げたい場合、キャリアコンサルタントがメリット、デメリットや、期待される効果をまとめた「比較評価表」で検討することが、最も効果的な意思決定の支援となる。,相談者が挙げた複数の選択肢について、「軽い対決」をすることで実現性を吟味することは、意思決定の支援に含まれる。,相談者のニーズ・希望に合う内容に絞り込んで情報提供を行うことは、意思決定の支援として効果的である。,複数の選択肢から最終決定する際に、インターネットや生成 AIの情報をそのまま用いることは、意思決定の支援として効果的である。,2,システマティックアプローチにおける意思決定支援に関する問題です。意思決定支援の過程では、クライエントが検討している選択肢の実現可能性や、その選択に伴うリスクなどを客観的に吟味することが重要です。「軽い対決（gentle challenge）」は、クライエントの考えや選択肢に対して、優しく、しかし客観的な視点から疑問を投げかけたり、別の側面を提示したりする技法であり、クライエントがより深く思考し、現実的な意思決定を行うことを促します。したがって、選択肢2が最も適切です。,技能,29
29-44,キャリアコンサルティングにおける方策の実行に関する次の記述のうち、最も適切なものはどれか。,方策の行動計画においては、実施項目、期間、達成レベルなどを明確にするとともに、実行可能な計画を相談者と確認しながら作成する。,相談者によって、方策の内容、実行の仕方、置かれた環境等は異なるが、キャリアコンサルタントは標準的な対応を心がける。,一旦作成した方策は、相談者の欲求、状況や価値観にかかわらず、結果が出るまで実行する。,方策の進捗状況は、キャリアコンサルタントと共有せず、相談者自身が責任をもって把握し、管理する。,1,キャリアコンサルティングにおける方策の実行支援に関する問題です。効果的な行動計画を立てるためには、具体的な実施項目、期間、そして達成度を測るための明確な基準（達成レベル）を設定することが不可欠です。さらに、その計画が相談者の現在の状況や能力に照らして「実行可能」であるかを、相談者とキャリアコンサルタントが共に確認しながら作成する「協働的」なプロセスが重要です。これにより、計画の実効性が高まり、相談者の主体的な取り組みが促されます。したがって、選択肢1が最も適切です。,技能,29
29-45,若年者や障害者の就職・転職後に行われる仕事への適応を確認するための調査や追指導(フォローアップ) に関する次の記述のうち、最も適切なものはどれか。,フォローアップでは、相談者の現在の職務や職場環境・人間関係等についての相談者自身の意識の確認よりも、職場の状況について客観的な事実を聞き取ることが基本である。,フォローアップでは、相談者本人だけでなく、事業者側の本人への評価を聞き取る場合もある。,フォローアップで得た情報は、相談者の適応を助けるものであって、キャリアコンサルタントの面談の質を高めるために活用すべきではない。,フォローアップにおいて、相談者の仕事への不適応が判明した場合は、相談者の再面談は行うが、本人と職場の調整を行うことはない。,2,就職・転職後のフォローアップに関する問題です。フォローアップの目的は、就職後の定着支援であり、そのためには多角的な視点からの情報収集が重要です。相談者本人の状況だけでなく、必要に応じて事業者側（上司や人事担当者など）から、本人の仕事ぶりや職場での適応状況について評価や意見を聞き取ることは、より包括的な支援に繋がります。ただし、その際には必ず相談者の同意を得ることが前提となります。したがって、選択肢2が最も適切です。,技能,29
29-46,カウンセリングの終結に関する次の記述のうち、最も適切なものはどれか。,一度カウンセリングが終結したら、何があっても再開することはない。,カウンセリングの開始時に設定した目標が達成されない限り、カウンセリングを終結させない。,カウンセリングは続けることが重要なので、終結するというのはカウンセリングの失敗を意味する。,カウンセリングの終結の際は、クライエントがカウンセリングを通じて学んだことを、今後どのように活用できるのか話し合う。,4,カウンセリングの終結に関する問題です。カウンセリングの終結は、単に問題解決の完了を意味するだけでなく、クライエントがカウンセリングを通じて得た学びやスキルを、今後の人生で自律的に活用していくための準備期間でもあります。そのため、終結の際には、これまでのプロセスを振り返り、クライエントが獲得した資源や能力をどのように応用していくかを確認し、今後の見通しを共有することが非常に重要です。したがって、選択肢4が最も適切です。,技能,29
29-47,「キャリアコンサルタント登録制度等に関する検討会報告書」(厚生労働省、令和5年12月)で示された、キャリアコンサルティングの普及に関する次の記述のうち、最も不適切なものはどれか。,キャリアについて相談する意義を見いだせていない労働者には、キャリアコンサルタントがどのような課題に対してどのような支援をしているのか、分かりやすく伝えることが必要である。,キャリアコンサルティングのメリットや重要性を周知する場合、好事例であれば、相談者の同意が無くても実例に沿ってリアルに発信するのがよい。,働き方の多様化に関連して生じてきている新たな課題への支援効果を示すことで、キャリアコンサルティングの活用促進が期待できる。,リスキリングによる能力向上を通じて、誰しもが生涯を通じて活躍できる社会を実現するためには、労働者や企業が日頃からキャリア形成について意識し考えることが重要である。,2,キャリアコンサルティングの普及と倫理に関する問題です。キャリアコンサルティングの事例を公開する際には、たとえ好事例であっても、必ず相談者のプライバシー保護と守秘義務を遵守し、事前に本人の明確な同意を得る必要があります。同意なく個人を特定できる形で事例を発信することは、倫理綱領に違反する行為です。したがって、「相談者の同意が無くても実例に沿ってリアルに発信するのがよい」という記述は不適切です。,倫理と行動,29
29-48,キャリアコンサルタントが行う自己研鑽に関する次の記述のうち、最も不適切なものはどれか。,日常生活の中で、相手の話を理解するために長い発言を要約したり、一番言いたいことは何かを捉える経験を重ねることは、キャリアコンサルティングにも役に立つ。,経験の浅いキャリアコンサルタントは、熟達した優れたキャリアコンサルタントによるキャリアコンサルティングを受けることを通して、クライエントとしての体験を得ることも、自己研鑽の一つの方法として有効といえる。,ロールプレイでは正しいやり方や言葉使いなどを習得することにとどまらず、この順番で質問する、この言葉でねぎらう、といった一定の型にそったやり方を身につけることが主眼となる。,事例記録や逐語記録を事例検討会のために持ち歩く場合は、事故が起こり得ることを前提に、クライエントや企業の名前及び来談日を記号に変えるなど、細心の注意を払うことが必要である。,3,キャリアコンサルタントの自己研鑽に関する問題です。ロールプレイは、カウンセリングスキルを向上させるための重要な方法ですが、その目的は、単に「正しいやり方や言葉使い」や「一定の型」を身につけることにとどまりません。むしろ、クライエントの状況に応じた柔軟な対応、共感的理解、自己一致といったカウンセリングの基本原則を深く体得し、自身のカウンセリングスタイルを確立していくことが主眼となります。型に固執することは、クライエント中心の姿勢に反する可能性があります。したがって、選択肢3が最も不適切です。,倫理と行動,29
29-49,キャリアコンサルティング実施のために必要な能力要件で示されている、キャリアコンサルタントに必要な能力等に関する次の記述のうち、最も不適切なものはどれか。,企業内のキャリア形成に係る支援制度の整備とその円滑な実施のための人事部門等との協業や組織内の報告の必要性及びその具体的な方法について理解していること。,初めて職業を選択する時や、転職・退職時等の人生の転機が訪れた時の受け止め方や対応の仕方について理解していること。,様々な精神疾患の診断基準や特徴的な症状を理解した上で、疾病の可能性のある相談者を直ちに適切な機関にリファーし、その後いかなる場合でも支援できないことについて理解していること。,学校教育制度や、初等中等教育から高等教育に至る学校種ごとの教育目標、青少年期の発達課題等に応じたキャリア教育のあり方等について理解していること。,3,キャリアコンサルタントに必要な能力要件に関する問題です。キャリアコンサルタントは、精神疾患の可能性のある相談者に対し、適切な専門機関へのリファーラル（紹介）を行うことは重要ですが、リファーラルを行った「その後いかなる場合でも支援できない」と断定することは不適切です。専門機関での治療や支援と並行して、キャリアコンサルタントがキャリア形成に関する支援を継続できるケースも存在します。連携を通じて、クライエントの状況に応じた柔軟な支援が求められます。したがって、選択肢3が最も不適切です。,倫理と行動,29
29-50,キャリアコンサルタント倫理綱領 (特定非営利活動法人キャリアコンサルティング協議会、令和6年1月改正)に基づく、キャリアコンサルタントの態度や姿勢に関する次の記述のうち、最も適切なものはどれか。,キャリアコンサルタントは、相談者が属する組織の環境だけに注目し、相談者の要請に応じなければならない。,キャリアコンサルタントは、自己の身分や業績を最大限にアピールし、専門性向上のために自身の能力を超える業務にも絶えず取り組むよう努めなければならない。,キャリアコンサルタントは、キャリアコンサルティングが、相談者の人生全般に影響を与えることを自覚し、相談者の利益を第一義として、誠実に責任を果たさなければならない。,キャリアコンサルタントは、業務並びにこれに関連する活動に関して知り得た秘密に対しては、例外なくどのような場合であっても守秘義務を負う。,3,キャリアコンサルタントの倫理綱領に関する問題です。キャリアコンサルティングは、相談者の職業生活だけでなく、人生全体に大きな影響を与える可能性のある専門的な支援です。そのため、キャリアコンサルタントは、その影響力を自覚し、常に相談者の最善の利益を最優先に考え、誠実かつ責任感を持って職務を遂行することが求められます。これは、倫理綱領の基本的な精神であり、最も適切な記述です。,倫理と行動,29
27-1,「令和5年高年齢者雇用状況等報告」(厚生労働省)で述べられた、高年齢者の雇用状況に関する次の記述のうち、適切なものはどれか。,65歳以上定年企業(定年制の廃止企業を含む)は全体の6割を超えている。,70歳までの就業確保措置を実施済みと報告した企業の割合を従業員数の規模別でみると、300人以上の大企業のほうが、300人未満の中小企業よりも高い。,継続雇用制度の導入を行うことで雇用確保措置を講じている企業では、「希望者全員を対象とする継続雇用制度」よりも、「経過措置に基づく基準対象者とする継続雇用制度」を導入している企業の割合のほうが高い。,調査対象の企業における60歳以上の常用労働者数は、平成26年以降、一貫して増加している。,4,高年齢者雇用状況に関する問題です。厚生労働省の「令和5年高年齢者雇用状況等報告」によると、調査対象企業における60歳以上の常用労働者数は平成26年以降、一貫して増加傾向にあります。これは、少子高齢化の進展や労働力人口の減少を背景に、高年齢者の雇用促進が進んでいることを示しています。他の選択肢は、報告書の内容と異なるか、一部不正確な記述が含まれています。,社会的意義,27
27-2,「第11回21世紀成年者縦断調査(平成24年成年者)の概況」(厚生労働省、2023年)で述べられた、出生の状況や出産前後の就業状況の変化に関する次の記述のうち、最も適切なものはどれか。(注:当該調査は、平成24年10月末に20~29歳であった全国の男女(及びその配偶者)に対して、その後10年間にわたって、結婚の状況、出生の状況、就業の実態及び意識の経年変化の状況などを継続的に調査したもの。),子どもが1人以上いる夫婦では、夫の休日の家事・育児時間が長くなるほど、その後、第2子以降が生まれている割合が高くなる傾向がある。,独身者に対して子ども観を尋ねたところ、「仕事に張り合いが生まれる」等の積極的な子ども観を持つ者の割合は、10年前に実施された前回調査(平成14年に20歳から29歳であった者を対象とした平成14年成年者調査)よりも高い傾向にある。,独身者に対して子ども観を尋ねたところ、「仕事が十分にできなくなる」という消極的な子ども観を持つ女性の比率は男性とほぼ同等である。,調査期間10年の間に子どもが生まれた夫婦の妻(出産前に仕事あり) について、出産後の就業状況を見ると、正規・非正規ともに「離職」の割合は、前回調査(平成14年成年者調査)と比べ高くなっている。,1,出生状況や就業状況の変化に関する問題です。厚生労働省の「第11回21世紀成年者縦断調査」では、夫の家事・育児時間が長いほど、第2子以降の出生割合が高くなる傾向が示されています。これは、男性の育児参加が少子化対策や女性のキャリア継続に影響を与える可能性を示唆するものです。,社会的意義,27
27-3,「令和5年度能力開発基本調査 調査結果の概要(企業調査)」(厚生労働省)で示された、キャリアコンサルティングを行った効果に関する次の記述のうち、最も適切なものはどれか。,正社員については「自己啓発する労働者が増えた」という回答が最も多かった。,正社員については「新入社員・若年労働者の定着率が向上した」という回答が、「その他」「不明」を除いて最も低かった。,正社員以外については「労働者の仕事への意欲が高まった」という回答が最も多かった。,正社員以外については「人事管理制度に労働者の希望等を的確に反映して運用できるようになった」という回答が最も少なかった。,3,キャリアコンサルティングの効果に関する問題です。厚生労働省の「令和5年度能力開発基本調査（企業調査）」によると、正社員以外の労働者に対するキャリアコンサルティングの効果として、「労働者の仕事への意欲が高まった」という回答が最も多くなっています。これは、非正規雇用労働者にとってもキャリアコンサルティングがモチベーション向上に寄与することを示唆しています。,社会的意義,27
27-4,"サビカス (Savickas, M. L.) が提唱したキャリア構築理論における「ライフテーマ」に関する次の記述のうち、最も適切なものはどれか。",ライフテーマとは、変化の激しい環境において、自らを克服して適応していく過程のことである。,ライフテーマとは、自分自身に関する意思や行動に関する自己語りそのもののことである。,ライフテーマは、それまでのキャリア・トランジションにおける気持ちや決断のきっかけ、拠り所などが語られる中で明確になる。,ライフテーマは、変化するグローバルな文脈の中で、すべき仕事を見つけることで明確になる。,3,サビカスのキャリア構築理論における「ライフテーマ」に関する問題です。ライフテーマは、個人の人生の物語（ライフ・ストーリー）の中に繰り返し現れる、その人にとっての中心的な意味や目的を指します。キャリアの転機や重要な決断の背景にある感情や動機を語る中で、その人の根源的なライフテーマが明確になっていくと考えられます。したがって、選択肢3が最も適切です。,知識と理論,27
27-5,"スーパー (Super, D. E.) のキャリア発達理論の基本的な考え方に関する次の記述のうち、最も適切なものはどれか。",個人の行動は、その人のパーソナリティと環境の特徴との相互作用によって決定される。,個人は多様な可能性を持っており、さまざまな職業に向かうことができる。,人々が意味あるキャリア・ナラティブを構築し、実行するのを支援することが重要である。,目まぐるしく環境が変化する時代には、いかなる環境にあっても新しい状況に合わせて適応し、キャリアを作り上げていく能力が重要となる。,2,スーパーのキャリア発達理論に関する問題です。スーパーは、個人が持つ能力や興味、価値観などに基づいて、様々な職業に適応できる可能性を秘めていると考えました。彼の理論は、自己概念と職業選択の適合性を重視し、個人が複数の職業役割を演じる中で自己を実現していくプロセスを描いています。したがって、「個人は多様な可能性を持っており、さまざまな職業に向かうことができる」という記述が最も適切です。,知識と理論,27
27-6,"クランボルツ (Krumboltz, J. D.) のキャリア理論に関する次の記述のうち、最も適切なものはどれか。",キャリア発達を自己決定理論の立場から「職業選択行動は、学習の結果であって過去に起こった出来事と将来起きるかもしれない出来事を結びつけて解釈した結果である」と捉えた。,キャリア形成が偶然の出来事に大きく影響される事実に着目し、偶然の出来事を積極的に取り込み、好機として活かす自己効力感理論を提唱した。,偶然の出来事を好機として活かすために、外向性、誠実性、開放性、協調性、神経症的傾向の5つを示した。,幸せで成功した人は、計画に費やす時間を減らし、行動に費やす時間を増やしている事実を踏まえ、「とにかく行動を起こし、早く多く失敗して学ぶ」ことを重視している。,4,クランボルツのキャリア理論、特に計画的偶発性理論に関する問題です。クランボルツは、キャリアの多くが予期せぬ偶然の出来事によって形成されることに着目し、その偶然を好機として活かすための「行動」の重要性を強調しました。成功者は計画よりも行動に時間を費やし、失敗から学ぶことを重視するという考え方は、彼の理論の中核をなすものです。したがって、選択肢4が最も適切です。,知識と理論,27
27-7,キャリアの理論に関する次の記述のうち、適切なものはどれか。,"パーソンズ (Parsons, F.)は、個人の行動傾向を相互に関連する6タイプのモデルとして類型化し、VPIなどの進路支援ツールの開発につなげた。","シャイン (Schein, E. H.)は、キャリア・アンカーを予測し、該当する職業と結び付けることで、仕事経験がない学生の進路支援に有効活用できると述べている。","シュロスバーグ (Schlossberg, N. K.)は、カウンセリング・プロセスを通じて、「状況(Situation)」、「自己(Self)」、「周囲の援助(Support)」、「戦略(Strategies)」の内容を明確にし、転機への対処を支援するシステムを提唱した。","クランボルツ (Krumboltz, J. D.) は「連続的意思決定プロセス」を提唱し、キャリアにおける意思決定を進行させるためのガイダンスの枠組みを示した。",3,キャリア理論に関する複合問題です。シュロスバーグの転機理論では、転機に直面した個人がどのように対処するかを理解するために、「4Sモデル」（状況、自己、支援、戦略）という枠組みを提唱しています。カウンセリングを通じてこれらの要素を明確にし、転機への適応を支援することは、彼女の理論の中心的な考え方です。したがって、選択肢3が適切です。,知識と理論,27
27-8,"スーパー (Super, D. E.) の理論に関する次の記述のうち、適切なものの組み合わせはどれか。\nA. 生涯を通じた一連のライフ・ステージをマキシサイクルと呼び、開始、探索、確立、適応、維持、解放(衰退、下降) という6つの段階で構成されるとした。\nB. 人が生涯に果たす各役割の重要性は、情意的側面、行動的側面、認知的側面の3要素によって多重的に決定されると考えた。\nC. 成人期を四季に例えた「ライフサイクル」に焦点を当て、児童期と青年期、成人前期、中年期、老年期の4つの発達期を経て発達が徐々に進むと考えた。\nD. 個人と職業との関係のダイナミズムに着目し、職業選択を援助する手段として、能力とパーソナリティから構成される「職業的適合性(vocational fitness)」という概念を示した。","1.""AとB""","2.""AとC""","3.""BとD""","4.""CとD""",3,スーパーのキャリア発達理論に関する問題です。スーパーは、生涯にわたるキャリア発達を「ライフ・スペース」と「ライフ・スパン」の二つの側面から捉えました。Bの「人が生涯に果たす各役割の重要性は、情意的側面、行動的側面、認知的側面の3要素によって多重的に決定される」という記述は、彼のライフ・スペース理論における役割の重要性の評価方法として適切です。Dの「職業的適合性」は、個人と職業の適合性を表す概念であり、彼の理論の中心的な要素です。したがって、BとDが適切な組み合わせとなります。Aはマキシサイクルの段階が不正確、Cは四季に例えたライフサイクルはレヴィンソンなどの理論です。,知識と理論,27
27-9,"ホール (Hall, D. T.) が提唱するプロティアン・キャリアの特徴に関する次の記述のうち、不適切なものはどれか。",「地位、給料」よりも、「心理的成功」を重視する。,「私は何をすべきか (組織における気づき)」よりも、「自分は何がしたいか(自己への気づき)」を重視する。,「市場価値」よりも、「組織で生き残ることができるか」を重視する。,「この組織から自分は尊敬されているか (他者からの尊敬)」よりも、「自分を尊敬できるか(自尊心)」を重視する。,3,ホールのプロティアン・キャリア理論に関する問題です。プロティアン・キャリアは、個人が自律的にキャリアを形成し、変化に適応していくことを重視します。その特徴として、「心理的成功」や「自己への気づき」、「自尊心」を重視する点が挙げられます。また、組織への依存ではなく、個人の「市場価値」を高めることにも焦点を当てます。したがって、「『市場価値』よりも、『組織で生き残ることができるか』を重視する」という記述は、組織への依存を示唆しており、プロティアン・キャリアの自律的な特性とは異なるため不適切です。,知識と理論,27
27-10,"シャイン (Schein, E. H.) が提唱する3つのサイクルの相互作用モデルに関する次の記述のうち、サイクルとして不適切なものはどれか。",アイデンティティ・サイクル,仕事・キャリアサイクル,家族関係サイクル (新家族),生物学的・社会的サイクル,1,シャインのキャリア発達に関する3つのサイクルの相互作用モデルに関する問題です。シャインは、個人のキャリア発達が「仕事・キャリアサイクル」「家族サイクル」「生物学的・社会的サイクル」という3つのサイクルの相互作用によって影響を受けると提唱しました。これらのサイクルは、個人の成長や発達、仕事の選択、家族との関係、社会的な役割などが複雑に絡み合ってキャリアを形成するという考え方です。「アイデンティティ・サイクル」は、彼の提唱した3つのサイクルには含まれません。,知識と理論,27
27-11,カウンセリングの理論や心理療法の名称、その提唱者に関する次の記述のうち、組み合わせとして適切なものはどれか。,"ウォルピ (Wolpe, J)、内観療法","ジェンドリン (Gendlin, E. T.)、フォーカシング","バーン (Berne, E.)、系統的脱感作法",森田正馬、交流分析,2,"カウンセリング理論と提唱者の組み合わせに関する問題です。選択肢2の「ジェンドリン (Gendlin, E. T.)、フォーカシング」は正しい組み合わせです。フォーカシングは、クライエントが身体感覚に意識を向け、そこから意味や感情を引き出すことを支援する技法であり、ジェンドリンが提唱しました。他の選択肢は、提唱者と理論の組み合わせが誤っています。",知識と理論,27
27-12,次の記述のうち、行動療法における「モデリング」の説明として、最も適切なものはどれか。,快出現による強化に、「一定数を集めれば比例して好きなモノ・権利と交換できるもの(代理紙幣)」を用いる手法である。,減らしたい行動の生起に対応し、すでに与えられている「楽しみ活動への参加」、「快刺激の提供」を、望ましくない行動の出現に比例して減ずるシステムである。,回避症状を維持するような刺激や状況がもたらす緊張・恐怖を喚起し、あらかじめ習得させていた心身の緊張を沈静化させるためのリラクセーション反応などを利用して、その緊張や恐怖を中和する方法である。,ある行動を遂行した結果を観察するだけで、観察する側の同じ行動の生起しやすさがより高まることをねらった学習のことである。,4,行動療法における「モデリング」に関する問題です。モデリングとは、他者の行動を観察し、それを模倣することで学習が進む現象を指します。バンデューラの社会的学習理論において重要な概念であり、直接的な経験がなくても、他者の行動とその結果を観察することで、新しい行動を獲得したり、既存の行動が強化・弱化されたりすることが説明されます。したがって、選択肢4が最も適切です。,知識と理論,27
27-13,求職者支援制度の対象者の要件に関する次の記述のうち、最も不適切なものはどれか。,求職者支援制度とは、雇用保険を受給できない者が、職業訓練によるスキルアップを通じて早期就職を実現するために、国が支援する制度である。,求職者支援制度における職業訓練受講給付金の対象者の要件の一つは、雇用保険被保険者や雇用保険受給資格者でないことである。,一定要件を満たせば、訓練修了後に一括して職業訓練受講給付金が支給される。,訓練期間中も訓練修了後も、ハローワークが積極的に就職支援を行う。,3,求職者支援制度に関する問題です。求職者支援制度における職業訓練受講給付金は、訓練期間中に月ごとに支給されるものであり、訓練修了後に一括して支給されるものではありません。これは、訓練期間中の生活費を支援し、訓練に専念できる環境を整えることを目的としているためです。したがって、「訓練修了後に一括して職業訓練受講給付金が支給される」という記述は不適切です。,知識と理論,27
27-14,「職場における学び・学び直し促進ガイドライン」(厚生労働省、令和4年)で示された、労働者の自律的・主体的な学び・学び直しを促進するために経営側が行う支援に関する次の記述のうち、最も不適切なものはどれか。,労働者が学ぶ内容を自ら選択する「自己啓発」のうち、仕事や業務に資するものについては、時間的配慮を行うことが望ましい。,業務命令に基づき、通常の仕事を一時的に離れて社内外で実施する教育訓練(Off-JT)として学び・学び直しを行う場合に要する費用は、基本的に企業の負担となる。,学び・学び直しのサポートという役割を担うキャリアコンサルタントをはじめとした支援人材の活用を検討することが望ましい。,学び・学び直しによって身につけた能力・スキルの評価を行い、それが組織の方向性と違う場合は、企業が学ぶ内容を指導する。,4,「職場における学び・学び直し促進ガイドライン」に関する問題です。このガイドラインは、労働者の自律的・主体的な学び・学び直しを促進することを目的としており、企業が学ぶ内容を一方的に「指導する」という姿勢は、この趣旨に反します。企業は、労働者の学びを支援し、能力・スキルを評価することは求められますが、それが組織の方向性と異なったとしても、個人の学びの選択を制限するような指導は適切ではありません。したがって、選択肢4が最も不適切です。,社会的意義,27
27-15,人材育成に取り組む事業主等に対する支援に関する次の記述のうち、不適切なものはどれか。,キャリアアップ助成金は、正規雇用労働者の処遇改善の取組みを実施した事業主に対して助成する制度である。,セルフ・キャリアドックは、企業にとって人材育成上の課題や従業員のキャリアに対する意識の把握、生産性向上につながるといった効果が期待される。,生産性向上人材育成支援センターでは、企業の人材育成に関する相談支援や課題に合わせた人材育成プランの提案を行っている。,生産性向上人材育成支援センターでは、ものづくり分野の在職者訓練や企業のニーズに応じてカリキュラムをカスタマイズした生産性向上支援訓練を実施している。,1,人材育成支援に関する問題です。キャリアアップ助成金は、非正規雇用労働者の正規雇用への転換や処遇改善に取り組む事業主を支援するための助成金であり、正規雇用労働者の処遇改善のみを対象とするものではありません。したがって、「正規雇用労働者の処遇改善の取組みを実施した事業主に対して助成する制度である」という記述は不適切です。,知識と理論,27
27-16,「第11次職業能力開発基本計画」(厚生労働省、令和3年4月) に関する次の記述のうち、最も不適切なものはどれか。,企業における人材育成を支援するとともに、労働者の主体的なキャリア形成を支援する人材育成戦略として位置づけられている。,中長期的な日本型雇用慣行の維持や企業主導のキャリア形成の拡大を視野に、企業内の技能継承の促進、企業内の人材育成に向けた教育訓練給付等の普及を目指す。,労働市場のインフラ強化として、技能検定等の職業能力評価制度や職業情報提供サイト(日本版 O-NET) の活用推進が挙げられている。,全員参加型社会の実現に向けて、地域若者サポートステーションにおいてニート等の若者の職業的自立の支援の強化があげられている。,2,「第11次職業能力開発基本計画」に関する問題です。この計画は、日本型雇用慣行の維持や企業主導のキャリア形成の拡大を視野に入れているわけではありません。むしろ、労働者の主体的なキャリア形成を支援し、多様な働き方に対応できる人材育成を目指しています。企業内の技能継承も重要ですが、それに限定されるものではなく、労働者個人の自律的なキャリア形成を重視する方向性を示しています。したがって、選択肢2が最も不適切です。,社会的意義,27
27-17,教育訓練給付制度に関する次の記述のうち、最も適切なものはどれか。,2024年2月1日以降から、教育訓練給付の「支給申請」と「受給資格確認」は電子申請等が可能となっている。,特定一般教育訓練は、労働者の中長期的キャリア形成に資する教育訓練が対象となる。,一般教育訓練では、受講費用の40% (上限20万円)が訓練修了後に支給される。,専門実践教育訓練は、労働者の速やかな再就職及び早期のキャリア形成に資する教育訓練が対象となる。,1,教育訓練給付制度に関する問題です。2024年2月1日以降、教育訓練給付の支給申請と受給資格確認について、電子申請等のオンライン手続きが可能となりました。これは、利便性の向上と手続きの効率化を図るためのものです。したがって、選択肢1が最も適切です。他の選択肢は、各教育訓練の対象や給付率について誤った記述が含まれています。,知識と理論,27
27-18,労働基準法41条の2で定める、いわゆる高度プロフェッショナル制度に関する次の記述のうち、最も適切なものはどれか。,導入にあたっては、対象業務、対象労働者などについて、労使で設置した委員会の過半数以上の多数で決議しなければならない。,適用される業務は、労働基準法施行規則(厚生労働省令) で限定されており、それ以外の業務に従事する者には適用することができない。,対象者は、年収が労働者の平均給与額の2倍を相当程度上回る水準 (1000万円)以上の労働者が対象となる。,導入にあたっては、適用対象者の等級や勤務年数、年収などの必要要件を満たしていれば、対象者本人の同意を必要としない。,2,高度プロフェッショナル制度に関する問題です。この制度が適用される業務は、労働基準法施行規則によって厳格に限定されており、高度な専門的知識を必要とする業務や、従事する時間と成果との関連性が薄い業務などが対象となります。これ以外の業務には適用できません。したがって、選択肢2が最も適切です。,知識と理論,27
27-19,"ハーシーとブランチャード (Hersey, P. & Blanchard, K. H.) の提唱した SL(Situational Leadership) 理論に関する次の記述のうち、最も適切なものはどれか。",SL 理論では、能力もやる気もある部下には、こちらの考えを説明し、疑問に応える説得的なリーダーシップ・スタイルが効果的である。,SL 理論では、能力もやる気もない部下には、仕事の遂行責任を委ねる委任的なリーダーシップ・スタイルが効果的である。,SL 理論では、やる気があるが能力が低い部下には、本人の意向にかかわらず、事細かに監督する教示的なリーダーシップ・スタイルが効果的である。,SL理論では、能力は高いがやる気がやや低い部下には、考えを合わせて決められるよう仕向ける参加的なリーダーシップ・スタイルが効果的である。,4,ハーシーとブランチャードのSL理論（状況的リーダーシップ理論）に関する問題です。SL理論では、部下の「成熟度（能力と意欲）」に応じてリーダーシップスタイルを変えるべきだと提唱しています。能力は高いがやる気がやや低い部下（D3レベル）には、リーダーが部下のアイデアを聞き、意思決定に巻き込む「参加型（Participating）」のリーダーシップスタイルが最も効果的とされます。これは、部下の意欲を引き出し、自信を回復させるのに役立ちます。したがって、選択肢4が最も適切です。,知識と理論,27
27-20,「令和5年版労働経済の分析」(厚生労働省)で述べられた、雇用・失業情勢の動向に関する次の記述のうち、最も適切なものはどれか。,ここ10年ほどにわたり、女性の15歳以上人口に占める正規雇用労働者の割合は、「25~34歳」、「35~44歳」で顕著に上昇している。,ここ10年ほどにわたり、非正規雇用労働者に占める不本意非正規雇用労働者の割合は、上昇傾向で推移している。,2000年代前半から2019年までは雇用障害者数は増加傾向にあったが、2020年に減少傾向に転じた。,2000年代後半から2019年までは外国人労働者数は増加傾向にあったが、2020年以降は一貫して減少傾向が続いている。,1,雇用・失業情勢の動向に関する問題です。厚生労働省の「労働経済の分析」によると、女性の正規雇用労働者の割合は、特に25～34歳、35～44歳の年齢層で顕著に上昇傾向にあります。これは、女性のキャリア継続支援策や働き方改革の進展などが背景にあると考えられます。したがって、選択肢1が最も適切です。,社会的意義,27
27-21,労働についての政府統計に関する次の記述のうち、最も不適切なものはどれか。,毎月の完全失業率の推移をみるためには、労働力調査を調べるとよい。,毎月の有効求人倍率の推移をみるためには、一般職業紹介状況を調べるとよい。,年齢や勤続年数、職種別の賃金をみるためには、賃金構造基本統計調査を調べるとよい。,産業別の所定外労働時間を含む総実労働時間をみるためには、就労条件総合調査を調べるとよい。,4,労働に関する政府統計の活用に関する問題です。「就労条件総合調査」は、企業の労働時間制度、賃金制度、福利厚生制度などの労働条件全般を総合的に把握するための調査であり、産業別の所定外労働時間を含む総実労働時間の推移を見るための主要な統計ではありません。総実労働時間に関するより詳細なデータは、「毎月勤労統計調査」などで確認できます。したがって、選択肢4が最も不適切です。,知識と理論,27
27-22,「令和5年版労働経済の分析」(厚生労働省)で述べられた、賃金に関する次の記述のうち、最も不適切なものはどれか。,名目労働生産性・名目賃金は、1970年代~1990年代前半までは、ほぼ一貫して増加していた。,名目労働生産性・名目賃金は、1990年代後半以降、ほぼ横ばいで推移している。,OECD 諸国のスタートアップ企業の開業率と労働生産性・賃金上昇には負の相関がみられる。,賃上げは、企業にとっては、社員のやる気向上や離職率の低下等の効果があり、労働者にとっては、仕事の満足度を高める等の効果がある可能性がある。,3,賃金に関する労働経済の分析内容を問う問題です。OECD諸国のスタートアップ企業の開業率と労働生産性・賃金上昇には、一般的に正の相関関係があるとされています。スタートアップ企業の活発な活動は、新たな技術やビジネスモデルを生み出し、経済全体の生産性向上や賃金上昇に寄与すると考えられるため、「負の相関」という記述は不適切です。したがって、選択肢3が最も不適切です。,社会的意義,27
27-23,労働関係法令における労働者の概念に関する次の記述のうち、誤っているものはどれか。,労働基準法における労働者には、採用選考過程中の者は含まれない。,労働組合法における労働者には、失業者は含まれる。,職業能力開発促進法における労働者には、求職者は含まれない。,労働契約法における労働者には、休職中の労働者も含まれる。,3,労働関係法令における「労働者」の概念に関する問題です。職業能力開発促進法における「労働者」の概念は広く、現に雇用されている者だけでなく、求職者も含まれます。これは、職業能力開発促進法が、職業訓練やキャリア形成支援を通じて、失業者を含む多様な人々の職業能力開発を支援することを目的としているためです。したがって、「求職者は含まれない」という記述は誤りです。,知識と理論,27
27-24,出向・転籍に関する次の記述のうち、不適切なものはどれか。,在籍出向命令は、就業規則に根拠規定があり、かつ出向命令自体が権利の濫用に該当しない限り、労働者の個別同意がなくとも有効と解される。,在籍している企業を辞め、他の企業に移籍するいわゆる転籍命令においては、就業規則において転籍に関する条項があったとしても、労働者の個別的な同意が必要である。,出向している労働者を出向元企業に復帰させるには、当該労働者の同意が必要である。,出向している労働者の労働安全衛生法上の事業者責任は、出向先が負う。,3,出向・転籍に関する問題です。出向命令は、就業規則に根拠規定があり、権利濫用でない限り、労働者の個別同意なしに有効と解される場合があります（選択肢1）。しかし、出向元企業への復帰は、労働契約の変更を伴うため、原則として当該労働者の同意が必要です。出向は一時的なものですが、復帰は新たな労働条件や環境への適応を伴うため、労働者の意思が尊重されるべきです。したがって、「当該労働者の同意が必要である」という記述は不適切です。,知識と理論,27
27-25,時間外労働・休日労働割増賃金に関する次の記述のうち、誤っているものはどれか。,法定休日に深夜時間帯を除き、10時間勤務させた場合、2時間分の時間外労働割増賃金を8時間分の休日労働割増賃金と合わせて支給する必要がある。,法定時間外労働が60時間を超えた場合、60時間超の時間の割増率は25%以上ではなく50%以上である。,法定時間外労働が60時間を超えた場合、労使協定の締結によって、60時間を超える部分のうち通常の時間外労働割増賃金を超える部分については、割増賃金を支払う代わりに休暇を与えると定めることができる。,割増賃金の算定基礎には、家族手当は含めなくてよい。,1,時間外労働・休日労働の割増賃金に関する問題です。法定休日に労働させた場合、労働時間に関わらず、休日労働の割増賃金（35%以上）が適用されます。時間外労働の割増賃金（25%以上）は、法定労働時間を超えて労働した場合に適用されるものであり、法定休日労働とは別に計算されるものではありません。したがって、法定休日の労働に対して「時間外労働割増賃金を合わせて支給する必要がある」という記述は誤りです。,知識と理論,27
27-26,労働条件に関する次の記述のうち、正しいものはどれか。,最初の出勤時に、それまで提示されていた労働条件と実際の労働条件が違っていた場合でも、労働者はそのことを理由にただちに契約を解除することはできない。,就業規則で定められた労働条件が不利益に変更される場合でも、事業主から従業員に対し変更内容が十分に周知されていれば、必ず従わなければならない。,最低賃金法で定められた金額よりも低い賃金で契約した場合、その契約は無効となり、最低賃金額と同額の約束をしたものとみなされる。,「地域別最低賃金」と、「特定最低賃金」が同時に適用される仕事では、低い方の最低賃金が適用される。,3,労働条件に関する問題です。最低賃金法第4条第2項により、最低賃金額よりも低い賃金を定める労働契約は、その低い部分について無効とされ、最低賃金額と同額の賃金を定めたものとみなされます。これは、労働者の生活保障を目的とした最低賃金制度の重要な原則です。したがって、選択肢3が正しいです。,知識と理論,27
27-27,学校教育における進路指導に関する次の記述のうち、不適切なものはどれか。,中学校には、進路指導主事を置くものとし、指導教諭又は教諭がこの任に当たる。,中学校においては、生徒が自らの生き方を考え主体的に進路を選択することができるよう、学校の教育活動全体を通じ、計画的、組織的な進路指導を行う。,中学校の進路指導主事は、生徒の進学に関する進路指導を担当し、職業選択にかかる指導・助言や連絡調整には関わらない。,中学校においては、生徒が学校や学級での生活によりよく適応し、現在及び将来の生き方を考え行動する態度や能力を育成することができるよう、学校の教育活動全体を通じ、ガイダンス機能の充実を図る。,3,学校教育における進路指導に関する問題です。中学校の進路指導主事は、生徒の進学だけでなく、職業選択に関する指導・助言や、関連機関との連絡調整など、生徒のキャリア形成全般にわたる支援を担当します。「職業選択にかかる指導・助言や連絡調整には関わらない」という記述は、進路指導主事の職務内容を限定しており、不適切です。,社会的意義,27
27-28,文部科学省が進めるキャリア教育に関する次の記述のうち、不適切なものはどれか。,学校においては、キャリア教育及び職業教育を推進するために、生徒の特性や進路、学校や地域の実態等を考慮し、地域や産業界等の協力の下、校内での活動に特化するものとする。,キャリア教育の充実を図るには、特別活動を要としつつ、各教科・科目等の特質に応じて実施する。,キャリア教育の定義は「一人一人の社会的・職業的自立に向け、必要な基盤となる能力や態度を育てることを通して、キャリア発達を促す教育」である。,キャリア教育で育成を目指す基礎的・汎用的能力は「人間関係形成・社会形成能力」、「自己理解・自己管理能力」、「課題対応能力」、「キャリアプランニング能力」の4つである。,1,文部科学省が推進するキャリア教育に関する問題です。キャリア教育は、学校内での活動に限定されるものではなく、地域や産業界との連携・協力を積極的に図り、学校外の多様な経験を取り入れることが重要とされています。「校内での活動に特化するものとする」という記述は、キャリア教育の理念に反するため不適切です。,社会的意義,27
27-29,「インターンシップを始めとする学生のキャリア形成支援に係る取組の推進に当たっての基本的考え方」(文部科学省、厚生労働省、経済産業省、令和4年一部改正)で示された、インターンシップに関する次の記述のうち、最も不適切なものはどれか。,インターンシップを始めとするキャリア形成支援に係る取組は、大学等での学修と社会での経験を結びつけることで、学修の深化や学習意欲の喚起、職業意識の醸成などにつながるものである。,インターンシップを始めとするキャリア形成支援に係る取組は、実質的に就職・採用活動そのものであることから、就職・採用活動時期に関わらず、産学共同による取組が求められる。,インターンシップを始めとするキャリア形成支援に係る取組は、その教育的効果や学生のインターンシップを始めとするキャリア形成支援における効果が十分に期待できる重要な取組である。,インターンシップを始めとするキャリア形成支援に係る取組は、学生を送り出す大学等、これを体験する学生、学生を受け入れる企業等それぞれの側において積極的に対応していくことが望まれる。,2,インターンシップに関する問題です。令和4年の一部改正では、インターンシップと採用選考活動との関係性を明確化し、インターンシップが「実質的に就職・採用活動そのものである」と見なされることを避けるよう求めています。インターンシップはあくまで教育的側面を重視するものであり、採用活動とは区別されるべきです。したがって、「実質的に就職・採用活動そのものであることから」という記述は不適切です。,社会的意義,27
27-30,「令和4年度我が国における過労死等の概要及び政府が過労死等の防止のために講じた施策の状況(令和5年版過労死等防止対策白書)」(厚生労働省)で述べられた、職場におけるメンタルヘルス対策等に関する次の記述のうち、最も不適切なものはどれか。,常用労働者10人以上を雇用する民営事業所を対象にした調査によると、令和4年度にメンタルヘルス対策に取り組んでいる事業所の割合は約6割である。,メンタルヘルス対策に取り組んでいる事業所の割合を規模別にみると、最も少ないのは常勤雇用者29人以下の事業所である。,常用労働者10人以上を雇用する民営事業所におけるメンタルヘルス対策の取組内容で最も多いのは、「ストレスチェックの実施」である。,「仕事や職業生活に関する強い不安、悩み、ストレスを感じる」と回答した労働者のうち、その内容を見ると「仕事の量」よりも「仕事の質」の回答の方が多い。,4,メンタルヘルス対策とストレス要因に関する問題です。厚生労働省の「令和4年度労働安全衛生調査」によると、労働者が「仕事や職業生活に関する強い不安、悩み、ストレスを感じる」内容として最も多いのは「仕事の量」であり、次いで「仕事の質」となっています。「仕事の量」よりも「仕事の質」の回答の方が多いという記述は不適切です。,知識と理論,27
27-31,労働安全衛生法に基づくストレスチェックの実施ならびに安全配慮義務の実施にかかる、事業者の対応例に関する次の記述のうち、不適切なものはどれか。,労働者数が85名である当事業所では、ストレスチェックの実施義務はないので、実施しなかった。,ストレスチェックの結果、高ストレス者として面接指導を受ける必要があると実施者が認めた労働者から申出があったので、事業者として、当該労働者に対し医師による面接指導を実施した。,医師が実施した高ストレス者の面接結果に基づき、当該労働者にとって適切な措置となるよう就業場所・時間の変更を行った。,ストレスチェックの集団ごとの集計・分析結果に基づく職場環境の改善が推奨されているので、当事業所においても集計・分析結果の積極的な活用を進めた。,1,ストレスチェック制度に関する問題です。労働安全衛生法に基づき、常時50人以上の労働者を使用する事業場には、ストレスチェックの実施が義務付けられています。労働者数が85名であれば、実施義務があるため、「実施義務はないので、実施しなかった」という記述は不適切です。,知識と理論,27
27-32,多文化キャリアカウンセリングに関する次の記述のうち、最も適切なものはどれか。,クライエントの内にある「バイアス」を十分に意識させることが多文化キャリアカウンセリングの基礎となる。,カウンセラー自身の内にある「バイアス」を十分に意識することが多文化キャリアカウンセリングの基礎となる。,カウンセラー自身の内にある「バイアス」をできるだけ意識しないことが多文化キャリアカウンセリングの基礎となる。,クライエントの内にある「バイアス」をできるだけ意識させないことが多文化キャリアカウンセリングの基礎となる。,2,多文化キャリアカウンセリングに関する問題です。多文化キャリアカウンセリングにおいて最も重要なのは、カウンセラー自身が持つ文化的な「バイアス（偏見や先入観）」を自覚し、それを十分に意識することです。カウンセラーが自身のバイアスを認識することで、クライエントの文化背景を尊重し、より適切で公平な支援を提供できるようになります。したがって、選択肢2が最も適切です。,倫理と行動,27
27-33,「ひきこもりの評価・支援に関するガイドライン」(厚生労働省、2010年)で述べられた、ひきこもりに関する次の記述のうち、最も不適切なものはどれか。,ひきこもりは、DSM-IV で定義された病名であり、対人関係を含む社会との関係に困難が生じる症状を伴う疾病である。,ひきこもりとは、社会的参加を回避し、6か月以上にわたって家庭にとどまり続けている状態である。,ひきこもりが生じる原因には「いじめ」、「家族関係の問題」、「病気」などが挙げられることがあるが、一つの原因でひきこもりが生じるわけではない。,ひきこもりの長期化により、社会経験を積む機会を失ってしまうため、その状態から復帰するには、再チャレンジを支援する仕組みと支援者が必要とされている。,1,ひきこもりに関する問題です。「ひきこもり」は、厚生労働省のガイドラインにおいて、特定の精神疾患の診断基準（DSM-IVなど）で定義される「病名」ではなく、「状態像」として捉えられています。特定の疾病に限定せず、多様な背景を持つ状態として理解し、支援することが重要とされています。したがって、「DSM-IVで定義された病名である」という記述は不適切です。,知識と理論,27
27-34,カウンセリング技法の一つである「開かれた質問」に関する次の記述のうち、最も不適切なものはどれか。,「○○について話してくれませんか」という問いかけは、開かれた質問とは言えない。,クライエントに自由な発言を促す質問である。,答え始めるまで時間を要することが多い。,相手に、質問の意図が明確に伝わるようにすることが必要である。,1,カウンセリング技法「開かれた質問」に関する問題です。「開かれた質問」とは、クライエントが自由に、詳しく、自分の言葉で答えることを促す質問であり、「はい」「いいえ」で答えられない質問を指します。「○○について話してくれませんか」という問いかけは、クライエントに具体的な内容を自由に語ることを促すものであり、典型的な開かれた質問です。したがって、「開かれた質問とは言えない」という記述は不適切です。,技能,27
27-35,マイクロカウンセリングにおける、カウンセラーの自己開示に関する次の記述のうち、最も不適切なものはどれか。,カウンセラーがクライエントに対して自分の体験や感情を表明することをいう。,カウンセラーがその場の感情を表明することで、クライエントの気持ちが開かれる。,クライエントと対等な立場で一緒に問題を解決しようとする共感性の表明といえる。,恥ずかしいことや道徳的に疑問のある体験であっても、包み隠さずすべて開示するのがよい。,4,カウンセラーの自己開示に関する問題です。カウンセラーの自己開示は、クライエントとの信頼関係構築や自己開示の促進に有効な場合もありますが、その内容やタイミングには慎重な配慮が必要です。特に、カウンセラー自身の個人的な問題や、クライエントの利益に繋がらないような「恥ずかしいことや道徳的に疑問のある体験」を無制限に開示することは、クライエントに負担をかけたり、カウンセリングの焦点がずれたりするリスクがあるため、不適切です。,倫理と行動,27
27-36,ベーシック・エンカウンター・グループに関する次の記述のうち、不適切なものはどれか。,"ロジャーズ (Rogers, C. R.) とその関係者によって1960年代から実践された集中的小グループ経験である。",個人の心理的成長、コミュニケーションおよび対人関係の改善を主な目的としている。,それぞれが、思ったり感じていることを率直に話し合い、次第に自己理解・他者理解・人間関係を深めていく。,1、2名のファシリテーターによって計画された課題を10名前後の参加者が取り組む形式を標準とする。,4,ベーシック・エンカウンター・グループに関する問題です。ベーシック・エンカウンター・グループは、ロジャーズが提唱したもので、参加者が自発的に「今、ここ」で感じていることを率直に話し合う中で、自己理解や他者理解を深め、人間関係を改善していくことを目的としています。あらかじめ「計画された課題」に取り組む形式は、構成的グループエンカウンターの特徴であり、ベーシック・エンカウンター・グループの標準的な形式ではありません。したがって、選択肢4が不適切です。,知識と理論,27
27-37,職務経歴書に関する次の記述のうち、最も適切なものはどれか。,職務経歴書では、自分の職務経験に基づく実務能力ではなく、学歴や免許・資格をアピールする。,職務経歴や資格などがなく、実務能力に自信がないという場合は、趣味や特技に特化して記載するのがよい。,職務経歴書の内容は、応募先企業の知りたいことや求めていることに応じて記載することが必要である。,職務経歴書は応募先企業によって様式が決まっており、見やすさよりも、ルールに則った記載が必要である。,3,職務経歴書の作成に関する問題です。職務経歴書は、単に過去の経歴を羅列するだけでなく、応募先企業が求める人材像や職務内容に合致する自身の経験、スキル、実績を具体的にアピールするためのものです。そのため、応募先企業のニーズを理解し、それに合わせて内容をカスタマイズすることが非常に重要です。したがって、選択肢3が最も適切です。,技能,27
27-38,カウンセリング・プロセスに関する次の記述のうち、最も不適切なものはどれか。,カウンセリングの目的は、傾聴を通して、クライエントとの間に温かい人間関係をつくることにある。,カウンセリングの終結時に、開始時に比べて問題解決に向かってとるべき行動が明らかとなり、行動に移す決心ができていることは、カウンセリング効果を評価する基準の一つとなる。,カウンセリングの目指す目標を、具体的、かつ明確に示すことができなければならない。,カウンセラーは、クライエントとの話し合いが進展し、内容が発展しているかどうか、絶えずそのプロセスをチェックできなければならない。,1,カウンセリング・プロセスに関する問題です。傾聴を通してクライエントとの間に温かい人間関係（ラポール）を築くことは、カウンセリングの「手段」や「前提」であり、それ自体が「目的」ではありません。カウンセリングの最終的な目的は、クライエントが抱える問題を解決し、自己成長を促すことです。したがって、「カウンセリングの目的は、傾聴を通して、クライエントとの間に温かい人間関係をつくることにある」という記述は不適切です。,技能,27
27-39,信頼関係の構築に関する次の記述のうち、最も適切なものはどれか。,信頼関係はクライエントからキャリアコンサルタントへの信頼関係が重要で、キャリアコンサルタントからクライエントへの信頼関係は重要ではない。,キャリアコンサルティングの初期段階では、指示・指導的にならないよう留意し、信頼関係の構築を重視すべきである。,キャリアコンサルティングはビジネスとして行われるものであるため、信頼関係の構築を意識しなくても、クライエントの自己開示は進む。,キャリアコンサルタントは、クライエントの話を傾聴しながら、行動や姿勢に問題があると感じたときには即座に指摘することが信頼関係の構築に必要である。,2,信頼関係（ラポール）の構築に関する問題です。キャリアコンサルティングの初期段階において、クライエントが安心して自己開示し、本音で話せる関係性を築くことが最も重要です。この段階で、キャリアコンサルタントが一方的に指示・指導する姿勢をとると、クライエントは萎縮し、信頼関係が損なわれる可能性があります。まずは傾聴と受容を通じて、クライエントが安心できる場を提供することが重視されます。したがって、選択肢2が最も適切です。,技能,27
27-40,心理テストにおける信頼性に関する次の記述のうち、適切なものはどれか。,信頼性とは、そのテストにおける測定値の安定性もしくは一貫性を意味している。,信頼性とは、テストの難易度に関係している概念である。,信頼性は、尺度の項目数を少なくすることで高まる。,測定値のなかの誤差の含まれる割合が高いほど、そのテストの信頼性は高くなる。,1,心理テストにおける「信頼性（Reliability）」に関する問題です。信頼性とは、あるテストが繰り返し測定された場合に、どの程度安定した、あるいは一貫した結果が得られるかを示す指標です。つまり、測定の誤差が少なく、安定して同じものを測定できているかを表します。したがって、「そのテストにおける測定値の安定性もしくは一貫性を意味している」という記述が最も適切です。,知識と理論,27
27-41,job tag (職業情報提供サイト (日本版 O-NET))の検索機能に関する次の記述のうち、不適切なものはどれか。,「イメージ検索 (地図)」で検索する場合は、オフィス街やショッピングモール・商店街などの絵地図からイメージで職業を検索することができる。,「仕事の性質で検索」から検索する場合は、重視する仕事の性質または避けたい仕事の性質を選ぶと、その性質の点数が高い職業または低い職業を検索することができる。,「免許・資格で検索」から検索する場合は、免許・資格名から職業を検索することができる。,「所在地や電車沿線で検索」から検索する場合は、住所情報や駅名から事業所を検索することができる。,4,job tag（職業情報提供サイト）の検索機能に関する問題です。job tagは職業情報を提供するサイトであり、求人情報サイトではありません。したがって、「所在地や電車沿線で検索」から「事業所を検索する」という機能はjob tagにはありません。job tagの主な機能は、職業情報、自己診断ツール、キャリアプラン作成補助シートなどです。したがって、選択肢4が不適切です。,知識と理論,27
27-42,次の記述のうち、キャリアコンサルティングにおける「啓発的経験」として、最も不適切なものはどれか。,キャリア開発ワークショップ,インターンシップ,トライアル雇用,職場見学,1,キャリアコンサルティングにおける「啓発的経験」に関する問題です。啓発的経験とは、職業や仕事に関する知識を深め、自己理解を促進するための体験を指します。インターンシップ、トライアル雇用、職場見学は、実際に仕事の現場に触れることで、具体的な職業理解や自己の適性に関する気づきを得る「啓発的経験」に該当します。一方、キャリア開発ワークショップは、知識やスキルの習得を目的とした「教育訓練」の側面が強く、直接的な「経験」とは区別されるため、最も不適切です。,技能,27
27-43,キャリアコンサルティングにおける意思決定の支援に関する次の記述のうち、最も不適切なものはどれか。,意思決定支援では、職業だけでなく、どのような人生を送るのかという観点、家族との生活設計などの観点も考慮して、クライエントのライフプランの作成を支援する。,職業相談場面でクライエントが複数の求人票を見ながら抱える葛藤には、職業に関する意思決定プロセスをどのように展開したら良いかを認識できていないケースもある。,意思決定支援の段階では、個人が持つ自己概念や希望、期待、職業観等の「前提」と外界からの情報との間に生じた不協和 (不一致)ではなく、調和 (一致点)に着目する。,クライエントが失業や転職などのキャリア上の危機に遭遇しているときは、意思決定プロセスに焦点を当てた支援が有効と考えられる。,3,キャリアコンサルティングにおける意思決定支援に関する問題です。意思決定支援の段階では、クライエントの自己概念や希望と、外界の情報との間に「不協和（不一致）」が生じている場合に、その不協和を解消し、より現実的で納得のいく意思決定ができるよう支援することが重要です。調和している点だけでなく、不一致点に焦点を当てることで、クライエントが抱える課題を明確にし、解決策を検討することができます。したがって、「不協和（不一致）ではなく、調和（一致点）に着目する」という記述は不適切です。,技能,27
27-44,キャリア・プランの作成支援に活用できるジョブ・カードのキャリア・プランシートおよキャリア・プラン作成補助シートに関する次の記述のうち、不適切なものはどれか。,キャリア・プランシートでは、自分が大事にしたい価値観や興味、強み、将来取り組みたい仕事や働き方を整理し、これから取り組むことなどの目標を設定していく基本計画を記入できる。,キャリア・プランシートの「就業経験がない者および学卒者用」には、学校生活の様々な経験を棚卸しする項目がないため、キャリアコンサルタントが独自の様式を作成する必要がある。,キャリア・プラン作成補助シートは「学生用」、「在職者用」、「求職者用」の3種類があり、自分の個性や性格、大切にしたい価値観、自分の強みや弱みなどを振り返るためのワークから構成されている。,ジョブ・カードの職務経歴シートや職業能力証明シートなども必要に応じて活用することで、クライエントの能力や経歴の棚卸しを行うことができる。,2,ジョブ・カードのキャリア・プランシートに関する問題です。ジョブ・カードの「就業経験がない者および学卒者用」のキャリア・プランシートには、学校生活での経験を棚卸しする項目が設けられています。これにより、就業経験がなくても、これまでの学びや活動から得た経験を整理し、自己理解を深めることができます。したがって、「学校生活の様々な経験を棚卸しする項目がないため、キャリアコンサルタントが独自の様式を作成する必要がある」という記述は不適切です。,技能,27
27-45,職場適応理論に基づく、新たな仕事への適応支援に関する次の記述のうち、最も適切なものはどれか。,人と職場の関係は静的・固定的な関係であり、新たな仕事への適応は個人の特性に合致した職業選択にかかっている。,職場適応を高めるためには、相談者が職場の要請に応えることを重視し支援するのがよい。,職場適応を高める際に考慮すべき4つの要因として、不適合を許容する「柔軟性」、環境へ働きかける「活動性」、自分の側の対処である「反応性」、調整行動を持続する「忍耐」がある。,職場適応は、人の職場に対する満足感と、職場環境のニーズが人を満たす充足度のいずれか一方を高めることによって効果的な支援ができる。,3,職場適応理論に関する問題です。職場適応理論（Theory of Work Adjustment: TWA）では、個人と環境の相互作用を通じて適応が図られると考えます。その際に考慮すべき要因として、個人の側から「柔軟性（flexibility）」「活動性（activeness）」「反応性（reactiveness）」、そして適応行動を継続する「忍耐（perseverance）」の4つが挙げられます。したがって、選択肢3が最も適切です。,知識と理論,27
27-46,相談過程の終結に関する次の記述のうち、最も適切なものはどれか。,目標を達成したことについて同意が得られたものの、終結の合意は得られなかった場合、面談で達成してきたことを中心に振り返って相談者に十分な達成感を味わってもらう。,目標を達成しない状態で相談者から終結の申し出があった場合、キャリアコンサルタントの判断で相談の続行を働きかける。,キャリアコンサルタントの都合によって、途中で相談を終結しなければならない場合、今後の対応よりも終結の事情を説明することに多くの時間をかける。,相談者の変化があまり見られないまま面談が長期化している場合、終結あるいはリファーについて相談者と話し合う。,4,相談過程の終結に関する問題です。相談者の変化が見られないまま面談が長期化している場合、漫然と続けるのではなく、終結の可能性や、より適切な支援機関へのリファーラル（紹介）について、クライエントと率直に話し合うことが重要です。これは、クライエントの利益を最優先し、適切な支援を提供するというキャリアコンサルタントの責任に基づく対応です。したがって、選択肢4が最も適切です。,技能,27
27-47,キャリアコンサルタントに必要なネットワークに関する次の記述のうち、最も不適切なものはどれか。,メンタルヘルス不調、発達障害、仕事と治療の両立などの相談に適切に対応するためには、心理臨床や福祉領域などの専門機関・専門家とのネットワークを構築しておくことが求められる。,企業内キャリアコンサルタントに限っては、人事部門など組織内部の他部門とのネットワークがあれば十分なので、外部とのネットワークは特に必要とされない。,相談内容の高度化・複雑化に伴い、ファイナンシャルプランナー、弁護士など、これまでよりも多様な領域の他機関・専門家とのネットワークを構築しておく必要がある。,キャリア支援を効果的に実施するためには、異なる分野の専門家に意見・情報を求めるコンサルテーションも必要であり、日頃からそのためのネットワークを構築しておくことが望ましい。,2,キャリアコンサルタントに必要なネットワークに関する問題です。企業内キャリアコンサルタントであっても、組織内部のネットワークだけでなく、外部の専門機関や専門家とのネットワークを構築しておくことは非常に重要です。組織内だけでは対応できない専門的な問題（例：メンタルヘルス、法律問題など）に直面した場合に、適切なリファーラルやコンサルテーションを行うために不可欠です。したがって、「外部とのネットワークは特に必要とされない」という記述は不適切です。,倫理と行動,27
27-48,「キャリアコンサルタントの継続的な学びの促進等に関する報告書」(厚生労働省、令和2年4月)で示された、「キャリアコンサルタントの継続的な学び」についての課題に関する次の記述のうち、不適切なものはどれか。,キャリアコンサルタントの支援内容は高次に対人的かつ専門的な業務であり、円滑な業務遂行には組織やクライエントから信頼を得ることが前提となっている。,対人支援に携わる者として、理論や深い知見に裏付けされた豊富な実務経験やスキルだけでなく、キャリア支援の専門職としての社会的責任感を持った振る舞いや相手を尊重する姿勢が重要である。,キャリアコンサルタントが習得した能力を十分に発揮できるようにするためには、実践経験は不可欠であり、その機会を確保できるような環境整備が必要である。,活動を始めたばかりのキャリアコンサルタントには、優先的にスーパービジョンの機会を提供することが求められるが、経験を積んだキャリアコンサルタントには必要ない。,4,キャリアコンサルタントの継続的な学びに関する問題です。スーパービジョンは、経験の浅いキャリアコンサルタントだけでなく、経験を積んだキャリアコンサルタントにとっても、専門性の維持・向上、自己の盲点の認識、困難事例への対応、バーンアウト予防などのために不可欠な自己研鑽の機会です。「経験を積んだキャリアコンサルタントには必要ない」という記述は不適切です。,倫理と行動,27
27-49,キャリアコンサルタントが行う自己研鑽に関する次の記述のうち、最も不適切なものはどれか。,面談記録には、相談者の語りを通してキャリアコンサルタントとして把握した事実、推測、解釈をそれぞれ分けて記述するのがよい。,事例検討会に用いる事例報告書の作成にあたっては、キャリアコンサルタントの関心事を中心に、相談者が述べたことを厳選するのがよい。,逐語記録は、一般的に相談者やキャリアコンサルタントの発言を一言一句正確に書くことが要求され、「うん」、「あー」など一見無意味のような音、沈黙や非言語で示された動作なども相談者の心の表れとして記述する。,自己のスキルを高めることに関心を持ち、自分が担当した事例についてスーパービジョンを受けることで、キャリアコンサルタントとしての成長が期待される。,2,キャリアコンサルタントの自己研鑽、特に事例検討に関する問題です。事例検討会に用いる事例報告書は、クライエントの状況や課題、カウンセリングのプロセスを客観的かつ網羅的に記述することが求められます。キャリアコンサルタントの「関心事を中心に、相談者が述べたことを厳選する」という記述は、客観性を欠き、クライエントの全体像や問題の本質を見誤る可能性があるため不適切です。,倫理と行動,27
27-50,キャリアコンサルタントとしての姿勢に関する次の記述のうち、最も適切なものはどれか。,面談を通して把握した問題点から具体的に目標を提示したが、クライエントがそれを避けたがる様子なので、しっかり内省するように指導した。,クライエントがこの面談にどんな効果や進展を期待しているのかを確認したかったが、クライエントが勢いよく話していたので、話の腰を折らないよう聴き続けてそのまま面談を終えた。,クライエントと方策について話し合っている時、自分のスーパーバイザーに意見を聞くのがクライエントの役に立つと思ったので、面談の流れの中でその趣旨を説明して了解を取った。,自己理解が不足しているクライエントにアセスメントを提案した際に、時間が押していたのでツールの特徴や使う理由が説明できなかったが、クライエントが受け入れてくれたのでそのまま進めた。,3,キャリアコンサルタントとしての姿勢に関する問題です。クライエントの利益を最優先し、より質の高い支援を提供するために、必要に応じてスーパーバイザーや他の専門家から助言を得ることは適切です。その際、クライエントにその趣旨を丁寧に説明し、同意を得るというプロセスは、倫理的にも適切であり、クライエントとの信頼関係を維持する上でも重要です。したがって、選択肢3が最も適切です。,倫理と行動,27
,,,,,,,,,
,,,,,,,,,
